Date,time_from_start,Character_type,Character_position.x,Character_position.y,Character_position.z,User_Action,Form_Question,Form_Answer,Left_hand_position_x,Left_hand_position_y,Left_hand_position_z,Right_hand_position_x,Right_hand_position_y,Right_hand_position_z,Headset_eyetracking_rotation_x,Headset_eyetracking_rotation_y,Headset_eyetracking_rotation_z,Character_status,norm_time,time_rounded,HRV_ULF,HRV_VLF,HRV_LF,HRV_HF,HRV_VHF,HRV_TP,HRV_LFHF,HRV_LFn,HRV_HFn,HRV_LnHF,time,Source_File
1715065897519,236.382,Cow_boy,-0.9741144,-1.075434,0.09999428,Press,Question_0,2.0,-0.7131667,-0.03561032,0.5285202,-1.202625,-0.175492,-0.07238903,0.1367454,0.5008036,0.1204109,,5.026,5.0,,,0.0310005746041381,0.0610332378485519,0.0019571432985728,0.0939909557512629,0.4812515711270351,0.3298250811086317,0.649352242039861,-2.796336680440389,5.0,0000_Man
1715066489191,827.329,Robot Kyle,-1.030148,-1.074593,0.0999938,Press,Question_0,3.0,-0.7211337,-0.007404804,0.5030476,-1.256123,-0.1783392,-0.02844848,0.01488977,0.5151339,0.1469801,,4.973,5.0,,,0.0233115056648711,0.0147930762528012,0.0020402944700134,0.0401448763876858,1.5750890833297024,0.5806844549662578,0.3684922606297755,-4.21359602843101,5.0,0000_Robot
1715066205154,543.66,Cow_Girl,-1.069012,-1.07401,0.09999333,Press,Question_0,2.0,-0.8292022,-0.009961843,0.4633828,-1.299758,-0.1552666,-0.01242056,-0.01118966,0.5075337,0.1325597,,4.928,4.9,,,0.0511826594691638,0.0420096325410431,0.0027150915254107,0.0959073835356176,1.1808630243213387,0.5336675611649422,0.4380229237036976,-3.169856340779279,4.9,0000_Woman
1715152036819,407.1512,Cow_boy,-0.6765475,-1.079382,0.1155773,Press,Question_2,4.0,-0.2096758,0.3183942,0.2597867,-0.2258263,0.2874722,-0.06387176,-0.09318004,0.5323826,0.194545,TouchBody,24.712,24.7,,,0.0445131249953606,0.0347778473623805,0.0023529447559603,0.0816439171137016,1.3925556394320735,0.5452105505100812,0.4259698528911483,-3.358774664944981,24.7,0001_Man
1715152036821,407.1512,Cow_boy,-0.6765475,-1.079382,0.1155773,Press,Question_2,4.0,-0.2096758,0.3183942,0.2597867,-0.2258263,0.2874722,-0.06387176,-0.09318004,0.5323826,0.194545,TouchBody,24.714,24.7,,,0.0445131249953606,0.0347778473623805,0.0023529447559603,0.0816439171137016,1.3925556394320735,0.5452105505100812,0.4259698528911483,-3.358774664944981,24.7,0001_Man
1715152044651,414.9825,Cow_boy,-0.6764922,-1.079382,0.1111971,Press,Question_3,4.0,-0.2257566,0.4117136,0.1586815,-0.4668479,-0.05981648,-0.1414341,-0.1100079,0.5140386,0.1769277,LetfHandToBody,32.544,32.5,,,0.054561805935304,0.0371650473475673,0.0019453527858658,0.0936722060687372,1.5718940715499643,0.5824759363013859,0.3967564009359979,-3.292386546822984,32.5,0001_Man
1715152051009,421.3418,Cow_boy,-0.6592789,-1.079382,0.1235238,Press,Question_4,4.0,-0.5134764,-0.08925706,0.4314905,-0.1861806,0.3927616,0.01002798,-0.09488899,0.5202211,0.169377,RightHandToBody,38.902,38.9,,,0.0520707642597948,0.0252920706443571,0.0018630230310143,0.0792258579351663,1.794426383124216,0.6572445615219015,0.3192400979116522,-3.6772643456393808,38.9,0001_Man
1715152057897,428.2295,Cow_boy,-0.6595554,-1.079382,0.1265217,Press,Question_5,4.0,-0.5120649,-0.09916258,0.4442573,-0.1791201,0.4238403,-0.0620841,-0.08911184,0.5079738,0.1610395,RightHandToFace,45.79,45.8,,,0.0430494553462925,0.0338789024227973,0.0013311151206483,0.0782594728897383,1.785885177755406,0.5500861909323872,0.4329048123098168,-3.3849628057443746,45.8,0001_Man
1715152063896,434.2289,Cow_boy,-0.6581669,-1.079382,0.1205975,Press,Question_6,4.0,-0.1727185,0.3607526,0.2673999,-0.4692845,-0.04531097,-0.2401208,-0.0990693,0.5093498,0.182659,LeftHandToFace,51.789,51.8,,,0.0428978994126098,0.0456269275928637,0.0008027398298289,0.0893275668353025,1.1350020699748409,0.4802313656623239,0.5107821606401556,-3.087257219361217,51.8,0001_Man
1715152068990,439.3234,Cow_boy,-0.6480012,-1.079382,0.1233765,Press,Question_7,4.0,-0.1772895,0.4395875,0.2822991,-0.1734686,0.3485461,-0.09283914,-0.09841555,0.5180761,0.173044,TouchFace,56.883,56.9,,,0.0443007529351486,0.0613799904054524,0.0006027839784112,0.1062835273190123,0.9575980573368608,0.4168167358821182,0.5775117927843986,-2.790671386104466,56.9,0001_Man
1715152451247,820.9073,Cow_Girl,-0.6662974,-1.07941,0.1177007,Press,Question_2,2.0,-0.2068586,0.2877198,0.2649814,-0.2363973,0.3093125,0.02460442,-0.07033287,0.5440045,0.1709836,TouchBody,17.037,17.0,,,0.0177593853089049,0.0807025848779276,0.0015807283713173,0.1000426985581499,0.399055585704104,0.1775180554389216,0.8066814074494318,-2.516984673513783,17.0,0001_Woman
1715152451248,820.9073,Cow_Girl,-0.6662974,-1.07941,0.1177007,Press,Question_2,2.0,-0.2068586,0.2877198,0.2649814,-0.2363973,0.3093125,0.02460442,-0.07033287,0.5440045,0.1709836,TouchBody,17.038,17.0,,,0.0177593853089049,0.0807025848779276,0.0015807283713173,0.1000426985581499,0.399055585704104,0.1775180554389216,0.8066814074494318,-2.516984673513783,17.0,0001_Woman
1715152458202,827.8625,Cow_Girl,-0.6686468,-1.07941,0.1132604,Press,Question_3,1.0,-0.2513509,0.3961143,0.1273976,-0.4844704,-0.06209874,-0.09319725,-0.06934053,0.5307044,0.1720831,LetfHandToBody,23.992,24.0,,,0.0203880191374645,0.0929957513479455,0.002748166264738,0.1161319367501481,0.1625189998199766,0.1755591072361801,0.8007767195687183,-2.37520147130314,24.0,0001_Woman
1715152464713,834.3749,Cow_Girl,-0.6637073,-1.07941,0.125425,Press,Question_4,2.0,-0.5384426,-0.08631933,0.3875438,-0.2389941,0.3889309,0.05507956,-0.08208533,0.5318893,0.1652635,RightHandToBody,30.503,30.5,,,0.0490100098969093,0.0799597860824019,0.0030878595184985,0.1320576554978099,0.3667781166381112,0.3711258519027863,0.6054914861314349,-2.5262314446611454,30.5,0001_Woman
1715152471503,841.1638,Cow_Girl,-0.6581955,-1.07941,0.1242004,Press,Question_5,2.0,-0.2698946,0.5321726,0.2149907,-0.2664151,0.5282142,0.05943117,-0.07236519,0.5331442,0.1577374,TouchFace,37.293,37.3,,,0.0405059162929867,0.0879869116746949,0.0013306056532088,0.1298234336208905,0.4978776836552131,0.3120077413086437,0.677742909894324,-2.4305672065348536,37.3,0001_Woman
1715158224804,449.4458,Cow_boy,-0.6669402,-1.079407,0.1161304,Press,Question_2,2.0,-0.2490149,0.5609496,0.2178818,-0.2387848,0.5520458,0.002194025,-0.104412,0.6098449,0.1021638,TouchFace,17.334,17.3,,,0.0068191833586502,0.0011359151732282,8.23521345966629e-05,0.0080374506664751,5.707748673719349,0.8484261542149949,0.1413277941432626,-6.7803166329252536,17.3,0002_Man
1715158224806,449.4458,Cow_boy,-0.6669402,-1.079407,0.1161304,Press,Question_2,2.0,-0.2490149,0.5609496,0.2178818,-0.2387848,0.5520458,0.002194025,-0.104412,0.6098449,0.1021638,TouchFace,17.336,17.3,,,0.0068191833586502,0.0011359151732282,8.23521345966629e-05,0.0080374506664751,5.707748673719349,0.8484261542149949,0.1413277941432626,-6.7803166329252536,17.3,0002_Man
1715158263818,488.4591,Cow_boy,-0.6546383,-1.079407,0.1195351,Press,Question_5,4.0,-0.2056856,0.166882,0.2862378,-0.255455,0.1175666,-0.1423697,-0.2272536,0.5944111,0.1297264,TouchBody,56.348,56.3,,,0.0587739073414577,0.0175537131727904,0.0007816427276118,0.07710926324186,4.654803278411616,0.7622159111689111,0.2276472687559163,-4.042489774652302,56.3,0002_Man
1715158267967,492.6085,Cow_boy,-0.6476121,-1.079407,0.1275373,Press,Question_6,5.0,-0.5201054,-0.1171457,0.3956924,-0.1897044,0.2193465,-0.08525362,-0.2373149,0.5948793,0.117652,RightHandToBody,60.497,60.5,,,0.0508427604294643,0.0166205256580677,0.0012512603315431,0.0687145464190752,4.407008571606909,0.7399126251868899,0.2418778340862896,-4.097116862012408,60.5,0002_Man
1715158278522,503.1628,Cow_boy,-0.6468196,-1.079407,0.1206647,Press,Question_7,3.0,-0.2023721,0.4186954,0.1643015,-0.4337149,-0.06002128,-0.1289486,-0.06448531,0.6098925,0.1215225,LetfHandToBody,71.052,71.1,,,0.059701563320483,0.0288765563192023,0.0007655834944308,0.0893437031341161,2.901083980234476,0.6682235146540035,0.3232075155409102,-3.544725213092138,71.1,0002_Man
1715158410641,634.9877,Robot Kyle,-0.6788855,-1.079392,0.1213985,Press,Question_2,4.0,-0.4894958,-0.09051937,0.4023052,-0.2175174,0.5394657,0.02400408,-0.1047307,0.6146902,0.1532001,RightHandToFace,16.345,16.3,,,0.0106977630985015,0.0012302406736164,0.0001331642262724,0.0120611679983904,7.550104137106452,0.8869591319786918,0.1020001274984821,-6.7005454591317495,16.3,0002_Robot
1715158410643,634.9877,Robot Kyle,-0.6788855,-1.079392,0.1213985,Press,Question_2,4.0,-0.4894958,-0.09051937,0.4023052,-0.2175174,0.5394657,0.02400408,-0.1047307,0.6146902,0.1532001,RightHandToFace,16.347,16.3,,,0.0106977630985015,0.0012302406736164,0.0001331642262724,0.0120611679983904,7.550104137106452,0.8869591319786918,0.1020001274984821,-6.7005454591317495,16.3,0002_Robot
1715158418884,643.2289,Robot Kyle,-0.672267,-1.079392,0.1186462,Press,Question_3,5.0,-0.210361,0.5485644,0.1913849,-0.193933,0.5168806,0.04997168,-0.02265443,0.6058109,0.08211088,TouchFace,24.588,24.6,,,0.0087784358620029,0.0026714701938078,0.0001425568758769,0.0115924629316877,5.036744816980447,0.7572537357878686,0.2304488881741832,-5.925126323728496,24.6,0002_Robot
1715158423173,647.5181,Robot Kyle,-0.6663542,-1.079392,0.1182323,Press,Question_4,3.0,-0.1578636,0.376824,0.221377,-0.4573846,-0.04831278,-0.2230877,-0.1519547,0.5960807,0.1010635,LeftHandToFace,28.877,28.9,,,0.004651845921562,0.0017955481721825,6.715131145163414e-05,0.0065145454051961,3.4656878275930287,0.7140706883171907,0.275621407251278,-6.322444915260927,28.9,0002_Robot
1715158429926,654.2701,Robot Kyle,-0.6617427,-1.079392,0.1296655,Press,Question_5,4.0,-0.504148,-0.09926701,0.4031521,-0.1562772,0.350286,0.04025755,0.09985523,0.595072,0.2167317,RightHandToBody,35.63,35.6,,,0.0088135297992956,0.0030731999272764,0.0001681447217606,0.0120548744483327,2.666529174253026,0.7311175107688159,0.2549342127492284,-5.785035938634569,35.6,0002_Robot
1715158457661,682.0067,Robot Kyle,-0.6324244,-1.079392,0.1385504,Press,Question_7,3.0,-0.1486783,0.3956833,0.2573877,-0.1703672,0.3925139,0.08172808,0.01996448,0.617491,0.1723638,TouchBody,63.365,63.4,,,0.0482343963936282,0.0066077266034611,0.0002140277588609,0.0550561507559503,8.376671273685707,0.8760946003551684,0.1200179546287479,-5.019515617187596,63.4,0002_Robot
1715158643844,867.8912,Cow_Girl,-0.6736698,-1.079437,0.109758,Press,Question_3,3.0,-0.2451468,0.4415865,0.1807257,-0.4985838,-0.02982545,-0.210935,-0.2279533,0.585504,0.1195017,LeftHandToFace,31.161,31.2,,,0.043994609657273,0.0128052412704955,0.0002927631150556,0.0570926140428242,2.180554390191828,0.7705832075629505,0.2242889292280528,-4.357900717610807,31.2,0002_Woman
1715158643846,867.8912,Cow_Girl,-0.6736698,-1.079437,0.109758,Press,Question_3,3.0,-0.2451468,0.4415865,0.1807257,-0.4985838,-0.02982545,-0.210935,-0.2279533,0.585504,0.1195017,LeftHandToFace,31.163,31.2,,,0.043994609657273,0.0128052412704955,0.0002927631150556,0.0570926140428242,2.180554390191828,0.7705832075629505,0.2242889292280528,-4.357900717610807,31.2,0002_Woman
1715158653312,877.3604,Cow_Girl,-0.6607952,-1.079437,0.1164771,Press,Question_4,4.0,-0.2891841,0.5495232,0.1984254,-0.2590671,0.4968296,0.04777107,-0.288413,0.585195,0.1105558,TouchFace,40.629,40.6,,,0.0244599450839187,0.0116258325558881,0.0001033036648164,0.0361890813046233,2.5542659874727205,0.6758929545081837,0.3212524920991266,-4.454525712362332,40.6,0002_Woman
1715158674252,898.3007,Cow_Girl,-0.6431189,-1.079437,0.1195904,Press,Question_6,5.0,-0.2133875,0.2296617,0.245834,-0.2400808,0.1781025,-0.05745973,-0.2660512,0.5387591,0.2054872,TouchBody,61.569,61.6,,,0.036067098688225,0.0041777488945302,0.0001523827162826,0.0403972302990379,5.089688801067112,0.8928111759454962,0.1034167160373305,-5.477982719489698,61.6,0002_Woman
1715158681368,905.4161,Cow_Girl,-0.6496739,-1.079437,0.1277958,Press,Question_7,4.0,-0.5249081,-0.08426833,0.3959242,-0.2036467,0.328841,0.04532156,-0.2469781,0.5949881,0.1469428,RightHandToBody,68.685,68.7,,,0.0399882771951802,0.0044060064922046,0.0001562779365188,0.0445505616239038,9.62672910174771,0.8975931107841374,0.0988990111819515,-5.424786557111312,68.7,0002_Woman
1715323840829,718.1821,Cow_boy,-0.6783133,-1.079388,0.12245,Press,Question_2,4.0,-0.5240521,-0.08687764,0.4286691,-0.2073245,0.388689,-0.003653906,0.07705919,0.6211247,0.1304677,RightHandToBody,15.452,15.5,,,0.0494109169762876,0.008306453548889,0.0012999809432214,0.059017351468398,4.601587522627528,0.8372269467691309,0.140745955930213,-4.790722530293381,15.5,0005_Man
1715323840832,718.1821,Cow_boy,-0.6783133,-1.079388,0.12245,Press,Question_2,4.0,-0.5240521,-0.08687764,0.4286691,-0.2073245,0.388689,-0.003653906,0.07705919,0.6211247,0.1304677,RightHandToBody,15.455,15.5,,,0.0494109169762876,0.008306453548889,0.0012999809432214,0.059017351468398,4.601587522627528,0.8372269467691309,0.140745955930213,-4.790722530293381,15.5,0005_Man
1715323848841,726.1933,Cow_boy,-0.6717892,-1.079388,0.1164514,Press,Question_3,3.0,-0.2267337,0.436482,0.1630579,-0.463757,-0.06027114,-0.1375922,0.03445078,0.6080439,0.09977551,LetfHandToBody,23.464,23.5,,,0.0419679179335895,0.0059101113850745,0.0009354234997009,0.048813452818365,7.155001470120379,0.8597613057562679,0.1210754626816939,-5.131090600859397,23.5,0005_Man
1715323857963,735.3159,Cow_boy,-0.6549778,-1.079388,0.1241222,Press,Question_4,3.0,-0.1735821,0.35446,0.30609,-0.2073784,0.3788871,0.01434765,-0.02934007,0.6022735,0.1217828,TouchBody,32.586,32.6,,,0.0485691969388412,0.0069412203983967,0.0016546368707925,0.0571650542080305,7.860088837708489,0.8496309084583749,0.1214241899104447,-4.9702776700101285,32.6,0005_Man
1715323866835,744.1879,Cow_boy,-0.6443563,-1.079388,0.1282192,Press,Question_5,5.0,-0.239933,0.5779263,0.2556344,-0.2150187,0.5532207,0.03132639,-0.01834555,0.5887188,0.1220293,TouchFace,41.458,41.5,,,0.0618158055389427,0.0130393540457688,0.0024349123713716,0.0772900719560832,5.554167472857707,0.7997897268625505,0.1687067137572071,-4.339783260078014,41.5,0005_Man
1715323877416,754.7678,Cow_boy,-0.642911,-1.079388,0.1265408,Press,Question_6,2.0,-0.2256899,0.5644064,0.2435308,-0.4223475,-0.05680394,-0.1500253,-0.0269001,0.5993996,0.1034908,LeftHandToFace,52.039,52.0,,,0.0469668976323868,0.0087044947246326,0.0015653532012233,0.0572367455582428,5.360765809085523,0.8205724692120092,0.1520787850485868,-4.743915751716271,52.0,0005_Man
1715323887842,765.1956,Cow_boy,-0.6364098,-1.079388,0.1351644,Press,Question_7,3.0,-0.4908242,-0.07752717,0.4770518,-0.1577406,0.4471664,0.03567658,0.03327686,0.6017724,0.1347185,RightHandToFace,62.465,62.5,,,0.0586451965551152,0.0169459100395502,0.0037863219715372,0.0793774285662027,4.720965158097203,0.7388145171042383,0.2134852482077689,-4.0777287698739,62.5,0005_Man
1715323451815,329.8293,Robot Kyle,-0.6726422,-1.079403,0.1166812,Press,Question_2,5.0,-0.1852322,0.3192743,0.2165681,-0.1969347,0.2832257,-0.02971163,0.01782469,0.6003165,0.1048423,TouchBody,23.729,23.7,,,0.0599362569649569,0.0161846509535081,0.0030027306894301,0.0791236386078953,3.301380695402224,0.7575012729378734,0.204548871086588,-4.123691957884786,23.7,0005_Robot
1715323451816,329.8293,Robot Kyle,-0.6726422,-1.079403,0.1166812,Press,Question_2,5.0,-0.1852322,0.3192743,0.2165681,-0.1969347,0.2832257,-0.02971163,0.01782469,0.6003165,0.1048423,TouchBody,23.73,23.7,,,0.0599362569649569,0.0161846509535081,0.0030027306894301,0.0791236386078953,3.301380695402224,0.7575012729378734,0.204548871086588,-4.123691957884786,23.7,0005_Robot
1715323463616,341.6305,Robot Kyle,-0.6719666,-1.079403,0.122285,Press,Question_3,4.0,-0.5049858,-0.0956375,0.4004208,-0.1730142,0.3819619,0.04295836,0.01547359,0.6035084,0.1244363,RightHandToBody,35.53,35.5,,,0.0476594806598371,0.021831694763887,0.002279710128873,0.0717708855525971,2.745191689628204,0.6640503359110702,0.3041859466522497,-3.82439247680763,35.5,0005_Robot
1715323471836,349.8502,Robot Kyle,-0.6601791,-1.079403,0.1196953,Press,Question_4,4.0,-0.2014146,0.4462888,0.1256228,-0.4241166,-0.07084942,-0.1132926,-0.0004099375,0.5912548,0.09588028,LetfHandToBody,43.75,43.8,,,0.0546954176945563,0.0141160714662378,0.0029340124775651,0.0717455016383593,2.901147951691112,0.7623532687840732,0.1967520073577771,-4.26044131039942,43.8,0005_Robot
1715323479778,357.7919,Robot Kyle,-0.6494842,-1.079403,0.1263476,Press,Question_5,5.0,-0.2092433,0.564299,0.2010528,-0.1930985,0.5493417,0.06160269,0.0001993098,0.5924717,0.1300828,TouchFace,51.692,51.7,,,0.0472414940988331,0.0173786386510486,0.0019921357882014,0.0666122685380832,3.462071735278747,0.7092010996716684,0.2608924606900763,-4.052513490690938,51.7,0005_Robot
1715323487455,365.4705,Robot Kyle,-0.6459622,-1.079403,0.1352921,Press,Question_6,4.0,-0.4784169,-0.09186542,0.4267121,-0.1361771,0.463172,0.0463892,0.01151488,0.6056901,0.1433424,RightHandToFace,59.369,59.4,,,0.0535945120150504,0.0251397930572716,0.0034698359677632,0.0822041410400854,2.575287604018559,0.6519685180934629,0.3058214919490817,-3.6833033074660215,59.4,0005_Robot
1715328195018,122.2249,Cow_boy,-1.321791,-1.070215,0.09998808,Press,Question_0,4.0,-1.310539,-0.1610147,0.4997502,-1.298944,-0.1242471,-0.127366,-0.268692,0.5236021,0.2104186,,4.678,4.7,,,0.0287443299318587,0.0382139465108791,0.0039029060069513,0.0708611824496892,0.7013055681579122,0.405642820768154,0.5392789844850627,-3.2645547380916096,4.7,0006_Man
1715328225201,152.4079,Cow_boy,-0.6624632,-1.079368,0.1206375,Press,Question_3,4.0,-0.2419591,0.587351,0.2416783,-0.2260637,0.534377,-0.01311722,-0.1138445,0.5056542,0.1380137,TouchFace,34.861,34.9,,0.0051639493094424,0.0235109149937896,0.0173287906428373,0.0049000270708457,0.0509036820169152,1.3680631410365236,0.4618706164708677,0.3404231276841442,-4.055385961715181,34.9,0006_Man
1715328266244,193.451,Cow_boy,-0.6459966,-1.079368,0.1255375,Press,Question_5,2.0,-0.1797862,0.2581762,0.2872153,-0.2090821,0.2061598,-0.1003703,-0.09214449,0.504995,0.1390953,TouchBody,75.904,75.9,,0.0063503566186874,0.0229858971240564,0.0027105848442736,0.0001920306868278,0.0322388692738453,7.302377807232983,0.7129870755952443,0.0840781610933453,-5.910590857679007,75.9,0006_Man
1715328277616,204.8235,Cow_boy,-0.6502657,-1.079368,0.1224552,Press,Question_7,4.0,-0.2025485,0.4297882,0.1720077,-0.4400959,-0.06015861,-0.1297778,-0.04974315,0.5367298,0.1135608,LetfHandToBody,87.276,87.3,,0.0023648406409799,0.0118774256532845,0.0011129123912748,0.000112830704381,0.0154680093899204,9.698072235137678,0.7678703415466179,0.071949296332862,-6.800774923825584,87.3,0006_Man
1715328592004,518.5526,Robot Kyle,-0.9471655,-1.075839,0.09999476,Press,Question_0,3.0,-0.664062,-0.041592,0.4867354,-1.129583,-0.170286,-0.07577123,-0.3626911,0.5084633,0.2322666,,5.054,5.1,,,0.0097955016516268,0.0019943855953987,0.0002318205982321,0.0120217078452577,3.8704206499176568,0.8148178093922712,0.1658986910237954,-6.217419248304697,5.1,0006_Robot
1715328605777,532.326,Robot Kyle,-0.6709914,-1.079383,0.113761,Press,Question_2,4.0,-0.1646528,0.3867635,0.1923624,-0.4672108,-0.04417884,-0.2413014,-0.2512089,0.5265779,0.1229653,LeftHandToFace,18.827,18.8,,,0.0095485959797806,0.0004846514823012,5.641140495472098e-05,0.0100896588670366,15.397389144341828,0.9463745113302438,0.0480344765554596,-7.632080518531922,18.8,0006_Robot
1715328612804,539.3523,Robot Kyle,-0.6619143,-1.079383,0.1147929,Press,Question_3,5.0,-0.223402,0.5992125,0.182994,-0.2156119,0.5649431,0.03298865,-0.2217947,0.5498096,0.09027883,TouchFace,25.854,25.9,,,0.0042439416708199,0.0004606888960572,6.37062946524021e-05,0.0047683368615295,13.195901060617134,0.8900255569315115,0.0966141674624635,-7.6827875886413795,25.9,0006_Robot
1715328638059,564.608,Robot Kyle,-0.6684742,-1.079383,0.120668,Press,Question_5,5.0,-0.2918458,0.03507507,0.3774472,-0.458137,-0.06653285,-0.1385321,-0.2572058,0.5306033,0.1353194,LetfHandToBody,51.109,51.1,,,0.0113920397738132,0.0026361723387777,5.070519814115314e-05,0.0140789173107321,5.776068762139427,0.8091559544233753,0.1872425471785554,-5.938427285579992,51.1,0006_Robot
1715328644446,570.9954,Robot Kyle,-0.6585717,-1.079383,0.1199947,Press,Question_6,3.0,-0.1770892,0.346418,0.2032009,-0.1826744,0.3380076,0.01680336,-0.2417515,0.5451319,0.1210032,TouchBody,57.496,57.5,,,0.0110739395261987,0.0026659780236084,0.0001274224445149,0.0138673399943222,5.882458427248812,0.7985626321077315,0.1922486954744056,-5.927184300467211,57.5,0006_Robot
1715328651179,577.7291,Robot Kyle,-0.6600585,-1.079383,0.1300283,Press,Question_7,2.0,-0.5046406,-0.1012202,0.3990518,-0.1856818,0.444822,0.05549297,-0.2274273,0.5175469,0.1386084,RightHandToBody,64.229,64.2,,,0.0042078335877235,0.0032496314253523,0.0001512728550239,0.0076087378680998,3.737134523006196,0.5530264888432012,0.4270920462349748,-5.729213696655523,64.2,0006_Robot
1715328391566,318.4413,Cow_Girl,-0.7088604,-1.079416,0.09999952,Press,Question_1,3.0,-0.7867088,-0.1761009,0.3429385,-0.6151466,-0.1474547,-0.1250423,-0.2524732,0.5115696,0.2873744,,5.512,5.5,,,0.0063847901711179,0.0009804911351844,6.251159909655188e-05,0.0074277929053989,5.740777462678655,0.8595810696979884,0.1320030253497996,-6.927456953486088,5.5,0006_Woman
1715328472526,399.4021,Cow_Girl,-0.6619358,-1.079416,0.1240355,Press,Question_6,5.0,-0.5289412,-0.08791351,0.3769499,-0.2237778,0.354504,0.03771124,-0.3249244,0.5156456,0.1960715,RightHandToBody,86.472,86.5,,,0.0488575060400512,0.0053483708623941,0.0003101516911273,0.0545160285935727,9.31863845076183,0.8962044246526671,0.098106391833258,-5.230963276149353,86.5,0006_Woman
1715328482635,409.5093,Cow_Girl,-0.655406,-1.079416,0.1232415,Press,Question_7,4.0,-0.2081375,0.3137318,0.2387353,-0.2297215,0.3218108,0.04075442,-0.3457632,0.5114201,0.152826,TouchBody,96.581,96.6,,,0.0372877201293683,0.0038218471812395,0.000553764550044,0.0416633318606519,10.667563845074634,0.8949769128902516,0.0917316741258759,-5.56702141794053,96.6,0006_Woman
1715338035126,328.4011,Cow_boy,-0.6706858,-1.079377,0.1219173,Press,Question_2,4.0,-0.515964,-0.088974,0.4267708,-0.2004123,0.3916273,-0.004364394,-0.07463188,0.6270998,0.05065459,RightHandToBody,14.508,14.5,,,0.0413496690795434,0.0180605754446328,0.0009156034987195,0.0603258480228958,3.248687759314352,0.6854386707311554,0.2993836976444695,-4.014023868564427,14.5,0007_Man
1715338035127,328.4011,Cow_boy,-0.6706858,-1.079377,0.1219173,Press,Question_2,4.0,-0.515964,-0.088974,0.4267708,-0.2004123,0.3916273,-0.004364394,-0.07463188,0.6270998,0.05065459,RightHandToBody,14.509,14.5,,,0.0413496690795434,0.0180605754446328,0.0009156034987195,0.0603258480228958,3.248687759314352,0.6854386707311554,0.2993836976444695,-4.014023868564427,14.5,0007_Man
1715338045456,338.7297,Cow_boy,-0.6707377,-1.079377,0.1155892,Press,Question_3,4.0,-0.218967,0.4059056,0.1602422,-0.4625149,-0.05969656,-0.1382035,-0.1033,0.6122079,0.02754527,LetfHandToBody,24.838,24.8,,,0.0115660002597159,0.0086372504340359,0.0005125653908154,0.0207158160845673,1.8919161287975463,0.5583173847701958,0.4169399071113787,-4.751670983615648,24.8,0007_Man
1715675769032,340.0375,Cow_boy,-0.7510743,-1.078783,0.09999857,Press,Question_0,3.0,-0.7320037,-0.1400235,0.4342309,-0.6931477,-0.10763,-0.227076,-0.1011552,0.556514,0.06390818,,5.248,5.2,,,0.0336277068259746,0.0183803959409509,0.0014893653247823,0.053497468091708,1.7161645979051403,0.6285850158053905,0.3435750624579539,-3.996470620341519,5.2,0012_Man
1715675845389,416.3924,Cow_boy,-0.6608434,-1.079416,0.1264702,Press,Question_6,4.0,-0.191864,0.387293,0.2649661,-0.2226439,0.386446,0.005208112,-0.09278177,0.5302084,0.1156908,TouchBody,81.605,81.6,,,0.057199102575874,0.0703881441397452,0.031859175020684,0.1594464217363034,0.8406612013457655,0.3587355674276054,0.4414532692126198,-2.6537304371061,81.6,0012_Man
1715675852795,423.7999,Cow_boy,-0.650208,-1.079416,0.1265417,Press,Question_7,4.0,-0.203774,0.427955,0.1677566,-0.4435191,-0.06015468,-0.1285342,-0.0862005,0.5547656,0.08565353,LetfHandToBody,89.011,89.0,,,0.0600235974789446,0.0994820091373811,0.0413718345477267,0.2008774411640525,0.6831061447739071,0.2988070593249175,0.4952373375571635,-2.307778463855812,89.0,0012_Man
1715675956385,527.0802,Cow_Girl,-0.7098055,-1.079402,0.09999952,Press,Question_1,3.0,-0.7772393,-0.1502234,0.3615809,-0.5748835,-0.06845641,-0.1805295,-0.1335229,0.5565562,0.1197246,,5.304,5.3,,,0.0321458333999266,0.0180243821370935,0.0005234391818251,0.0506936547188453,2.3896923956018714,0.6341194687621615,0.3555549947436127,-4.016029874507172,5.3,0012_Woman
1715676001483,572.1765,Cow_Girl,-0.6658449,-1.079402,0.1167089,Press,Question_4,4.0,-0.2621112,0.4283844,0.123962,-0.4848652,-0.06260979,-0.09267607,-0.0813968,0.5640315,0.06793313,LetfHandToBody,50.402,50.4,,,0.055818815291822,0.032887534201501,0.0023489258033175,0.0910552752966406,2.2361345053762203,0.6130212127740544,0.3611820852153788,-3.414661592661845,50.4,0012_Woman
1715676007860,578.5519,Cow_Girl,-0.65904,-1.079402,0.1225296,Press,Question_5,4.0,-0.2676854,0.5241665,0.1983138,-0.2741227,0.5371059,0.04620896,-0.06934074,0.5654531,0.1077431,TouchFace,56.779,56.8,,,0.0476076736018647,0.0281090098534575,0.0017993440387648,0.0775160274940871,1.621639141553488,0.61416554925362,0.3626219088123636,-3.5716651186806065,56.8,0012_Woman
1715741751554,260.2729,Cow_boy,-0.9619198,-1.075618,0.09999476,Press,Question_0,3.0,-0.708046,-0.04184484,0.5202461,-1.176791,-0.1723271,-0.08842697,-0.1603635,0.5349687,0.230013,,5.038,5.0,,,0.0114219711421228,0.0146749560232635,0.0009283613794417,0.0270252885448281,0.7565672622360822,0.4226401180944533,0.5430083012405768,-4.221612909983639,5.0,0013_Man
1715741766536,275.255,Cow_boy,-0.6740446,-1.079365,0.1173273,Press,Question_2,4.0,-0.2090025,0.3708889,0.2503477,-0.2287412,0.368517,-0.00777664,-0.04149805,0.5220802,0.1490641,TouchBody,20.02,20.0,,,0.0053366889961744,0.0058442334463641,0.0004149049124042,0.0115958273549427,1.462427560101241,0.4602249440959193,0.5039945203972847,-5.142299839559535,20.0,0013_Man
1715741773812,282.5293,Cow_boy,-0.6703811,-1.079365,0.1148711,Press,Question_3,4.0,-0.2240396,0.4261917,0.1580749,-0.4621196,-0.06007493,-0.138905,0.005649924,0.5396032,0.2234433,LetfHandToBody,27.296,27.3,,,0.0048016236980327,0.0022322617148073,0.0004201377430572,0.0074540231558973,1.052883179570306,0.6441653852703537,0.2994707244826897,-6.104739985598943,27.3,0013_Man
1715741781504,290.2221,Cow_boy,-0.6621642,-1.079365,0.1254793,Press,Question_4,3.0,-0.5107532,-0.08341789,0.4426561,-0.1919103,0.3966585,-0.007388972,-0.05836542,0.5387458,0.1620946,RightHandToBody,34.988,35.0,,,0.0015739787749175,0.0044447000199727,0.0003138720743556,0.0063325508692459,0.9906907149745456,0.2485536725115865,0.7018814553166045,-5.416042899363871,35.0,0013_Man
1715741788917,297.6358,Cow_boy,-0.6543226,-1.079365,0.1260429,Press,Question_5,3.0,-0.2380018,0.5598201,0.2506338,-0.2281976,0.5604876,0.01953659,0.01613681,0.5332186,0.1513606,TouchFace,42.401,42.4,,,0.0014593391607574,0.0051462383841877,0.0005056083064054,0.0071111858513506,0.3006738952835633,0.2052174125754713,0.7236821666262988,-5.269489242023781,42.4,0013_Man
1715741796887,305.6056,Cow_boy,-0.6540179,-1.079365,0.1210247,Press,Question_6,3.0,-0.211051,0.5104414,0.2537895,-0.4350452,-0.03050852,-0.2341003,-0.07472547,0.5328672,0.1446699,LeftHandToFace,50.371,50.4,,,0.001936739038697,0.0080514144193936,0.0003125788508258,0.0103007323089165,0.2461016938939383,0.1880195485733108,0.7816351476704466,-4.821907498713344,50.4,0013_Man
1715741917093,425.4446,Robot Kyle,-0.7104526,-1.079392,0.09999952,Press,Question_1,4.0,-0.8023005,-0.198045,0.3763987,-0.5274215,-0.1371224,-0.1832193,-0.06663544,0.5225037,0.1878047,,5.463,5.5,,,0.0452402915601733,0.0391043944747906,0.0004273505146889,0.0847720365496529,0.9529695836431704,0.5336699860180318,0.4612888408300338,-3.2415204276465666,5.5,0013_Robot
1715741939288,447.6389,Robot Kyle,-0.6555352,-1.079392,0.1193682,Press,Question_3,4.0,-0.1701093,0.2558196,0.2370039,-0.1939144,0.2003996,-0.07681455,-0.04737641,0.5240242,0.1521764,TouchBody,27.658,27.7,,,0.0039659881435105,0.0124698029858639,0.0004325489029298,0.0168683400323043,0.5505764407478768,0.2351143109467382,0.739243041222976,-4.3844453184636025,27.7,0013_Robot
1715741947687,456.0394,Robot Kyle,-0.6602106,-1.079392,0.127061,Press,Question_4,4.0,-0.4983182,-0.09742957,0.3953134,-0.1709423,0.4103996,0.02167616,-0.05645657,0.5253705,0.1749797,RightHandToBody,36.057,36.1,,,0.00881944628919,0.0132332339515431,0.000284083326636,0.0223367635673692,0.4676354930716988,0.3948399356330181,0.5924418688334501,-4.325023889944259,36.1,0013_Robot
1715741956575,464.927,Robot Kyle,-0.6458607,-1.079392,0.1332098,Press,Question_5,4.0,-0.4834528,-0.09246612,0.4257027,-0.1433902,0.4855473,0.02847777,-0.009933949,0.5377761,0.2050864,RightHandToFace,44.945,44.9,,,0.0172812377559901,0.0317210723014427,0.0009576030498306,0.0499599131072636,0.5459474334518251,0.3459020779096931,0.634930493840889,-3.4507740775711486,44.9,0013_Robot
1715741961281,469.6311,Robot Kyle,-0.6357589,-1.079392,0.1330548,Press,Question_6,4.0,-0.182137,0.5707761,0.2276274,-0.1515985,0.4837327,0.02276287,-0.009113211,0.5168947,0.1862405,TouchFace,49.651,49.7,,,0.0298597277257064,0.0483406502896442,0.0015237932489133,0.0797241712642639,0.4929124952702598,0.3745379506891269,0.6063487336783733,-3.0294824513842875,49.7,0013_Robot
1715741966445,474.7963,Robot Kyle,-0.6333642,-1.079392,0.1278296,Press,Question_7,4.0,-0.1513677,0.4584988,0.2135983,-0.3912468,-0.03323507,-0.2256888,-0.002543382,0.5263332,0.2059678,LeftHandToFace,54.815,54.8,,,0.0209607206894655,0.0342461481871005,0.0006989437221849,0.055905812598751,0.5518621058892201,0.3749291838382793,0.6125686506498543,-3.374181182288687,54.8,0013_Robot
1715742102124,610.1375,Cow_Girl,-0.7105246,-1.079391,0.09999952,Press,Question_1,3.0,-0.811563,-0.1799672,0.3401028,-0.5788836,-0.1302359,-0.1417364,-0.01078069,0.5035185,0.2047878,,5.47,5.5,,,0.0111575803375405,0.0040305166263145,0.0003741657411841,0.0155622627050392,2.1895822498908184,0.71696388558764,0.2589929692556484,-5.513860716124562,5.5,0013_Woman
1715742113315,621.3273,Cow_Girl,-0.6682487,-1.079391,0.1172825,Press,Question_2,5.0,-0.2186084,0.3169892,0.233532,-0.2471075,0.3292804,0.03267203,-0.04049749,0.5352534,0.191271,TouchBody,16.661,16.7,,,0.0146198910946103,0.0018516152815511,0.0001482676062213,0.0166197739823828,5.745847112491997,0.879668466617391,0.111410376790554,-6.29169689568118,16.7,0013_Woman
1715742175544,683.5566,Cow_Girl,-0.6529555,-1.079391,0.1251841,Press,Question_7,3.0,-0.261477,0.5289501,0.1970278,-0.267168,0.5322338,0.04245148,-0.02220116,0.5086139,0.1431996,TouchFace,78.89,78.9,,,0.0068406494593506,0.0057509094299368,0.0008071172427031,0.0133986761319905,1.0484719211502596,0.510546668339713,0.4292147502696937,-5.158397274950978,78.9,0013_Woman
1715760564849,853.6893,Cow_boy,-1.238667,-1.071463,0.09998999,Press,Question_0,3.0,-1.122809,-0.08549738,0.5098997,-1.343616,-0.1446227,-0.1118444,-0.1147323,0.484378,0.1196931,,4.762,4.8,,,0.0196430463688136,0.0020286867904592,0.0001651626307296,0.0218368957900026,9.647857696284142,0.8995347396311996,0.0929017938249288,-6.200366596510925,4.8,0015_Man
1715760586800,875.6403,Cow_boy,-0.672287,-1.07937,0.1225763,Press,Question_2,3.0,-0.509738,-0.08023804,0.4482151,-0.1908746,0.3564881,-0.007327937,-0.09586991,0.4849059,0.1013906,RightHandToBody,26.713,26.7,,,0.0331945474179801,0.0058903830566675,0.0007011410664343,0.0397860715410821,7.136601530704047,0.8343258364602376,0.1480513865407713,-5.134434248345466,26.7,0015_Man
1715760597852,886.6913,Cow_boy,-0.6641793,-1.07937,0.1181484,Press,Question_3,4.0,-0.2175775,0.4374188,0.164518,-0.456161,-0.06030786,-0.1358913,-0.1117831,0.4838986,0.1103763,LetfHandToBody,37.765,37.8,,,0.035197545376746,0.0088547607848475,0.0013001847888606,0.0453524909504542,5.081165169417617,0.776088471418206,0.195243096890114,-4.726800022810429,37.8,0015_Man
1715760604376,893.2161,Cow_boy,-0.6531649,-1.07937,0.1230036,Press,Question_4,5.0,-0.1885848,0.3083023,0.284979,-0.2001023,0.270861,-0.05739632,-0.116474,0.4825343,0.1088994,TouchBody,44.289,44.3,,,0.0381767448640689,0.007595994640504,0.0007600390815816,0.0465327785861546,3.974180222844762,0.8204269339597966,0.1632396532358406,-4.880134191600536,44.3,0015_Man
1715760611111,899.9495,Cow_boy,-0.6525879,-1.07937,0.1190821,Press,Question_5,4.0,-0.2011232,0.4916098,0.2451769,-0.4394851,-0.02776003,-0.2449717,-0.1065268,0.4842266,0.1158005,LeftHandToFace,51.024,51.0,,,0.0520003582351458,0.0176961507131981,0.0029987814917044,0.0726952904400484,3.612461481682428,0.7153194920932372,0.2434291218327566,-4.034408136883828,51.0,0015_Man
1715760618190,907.0308,Cow_boy,-0.6508751,-1.07937,0.1291791,Press,Question_6,3.0,-0.498198,-0.07872462,0.4664288,-0.1844201,0.4981472,-0.001570605,-0.1005141,0.4849472,0.1074917,RightHandToFace,58.103,58.1,,,0.0472937772856695,0.0262525598477127,0.0029216203368026,0.0764679574701848,2.536249457838078,0.618478364668097,0.3433145165143017,-3.639991776690973,58.1,0015_Man
1715760626313,915.1543,Cow_boy,-0.6417804,-1.07937,0.1312672,Press,Question_7,5.0,-0.2292905,0.5637969,0.266502,-0.2222357,0.5799925,0.03514061,-0.1106879,0.4827256,0.1101304,TouchFace,66.226,66.2,,,0.0562973994330327,0.0237758219419798,0.0022651302257215,0.0823383516007341,2.0142373032759138,0.6837324082709816,0.2887575653356637,-3.739086099456164,66.2,0015_Man
1715760376547,665.7556,Robot Kyle,-1.030985,-1.074581,0.0999938,Press,Question_0,3.0,-0.7216525,-0.006395698,0.5025092,-1.257749,-0.1780806,-0.02836742,-0.1037631,0.4863053,0.1155846,,4.969,5.0,,,0.0079343923871157,0.0046481821142579,0.0002082729599207,0.0127908474612943,1.2885377359051997,0.6203179586908176,0.3633990733079646,-5.371279078991417,5.0,0015_Robot
1715760400055,689.2634,Robot Kyle,-0.6744986,-1.079379,0.112897,Press,Question_2,4.0,-0.232934,0.5668936,0.1540967,-0.4449153,-0.06787169,-0.1547574,-0.08246171,0.4872878,0.1172643,LeftHandToFace,28.477,28.5,,,0.0321371053296998,0.0038381168203999,0.000194191453613,0.0361694136037127,6.340580934568289,0.8885160727737366,0.1061149860612048,-5.562773444027664,28.5,0015_Robot
1715760409190,698.3987,Robot Kyle,-0.6662302,-1.079379,0.1206561,Press,Question_3,4.0,-0.4886107,-0.09228814,0.4071504,-0.1836376,0.5139319,0.0215188,-0.1068523,0.4873607,0.1187897,RightHandToFace,37.612,37.6,,,0.0341226273649757,0.0052612928760552,0.0002780448943217,0.0396619651353527,7.063017979514541,0.8603362755356897,0.1326533584026972,-5.247378488508047,37.6,0015_Robot
1715760416383,705.591,Robot Kyle,-0.6680803,-1.079379,0.1199986,Press,Question_4,5.0,-0.2264867,0.5630835,0.186606,-0.2107654,0.5435215,0.04679737,-0.09265142,0.487038,0.1137381,TouchFace,44.805,44.8,,,0.0196850657907388,0.0078319800339224,0.0002539034120236,0.0277709492366849,5.9823175084881886,0.7088366199861567,0.2820206096367967,-4.849539923052068,44.8,0015_Robot
1715760423839,713.048,Robot Kyle,-0.6579332,-1.079379,0.1194001,Press,Question_5,4.0,-0.1929245,0.4116446,0.1261979,-0.4199224,-0.07021093,-0.1114606,-0.0987118,0.4840593,0.1152536,LetfHandToBody,52.261,52.3,,,0.032816879159958,0.0047833361493526,0.0003102940984405,0.0379105094077512,5.258173634038327,0.865640680450689,0.1261744097897727,-5.342617036729952,52.3,0015_Robot
1715760433225,722.4324,Robot Kyle,-0.6457911,-1.079379,0.1259929,Press,Question_6,5.0,-0.1623883,0.4001876,0.2539459,-0.1853275,0.3977374,0.07643423,-0.06794802,0.4893164,0.1200916,TouchBody,61.647,61.6,,,0.0449900300136503,0.0060663035537962,0.0004105440366774,0.051466877604124,6.596871260833671,0.8741550315079795,0.117868109281029,-5.105005829128656,61.6,0015_Robot
1715760188453,477.9998,Cow_Girl,-0.8054733,-1.077966,0.09999762,Press,Question_0,3.0,-0.7061725,-0.1107553,0.388589,-0.8390212,-0.1402589,-0.1611814,-0.09787151,0.4827534,0.1042516,,5.193,5.2,,,0.0515006428012158,0.0250603030322682,0.0015763844051657,0.0781373302386497,1.80464643550656,0.659104203380391,0.3207212603211322,-3.686470237318041,5.2,0015_Woman
1715760227927,517.4722,Cow_Girl,-0.6675906,-1.079425,0.113474,Press,Question_3,4.0,-0.2524223,0.3796533,0.1062275,-0.4882255,-0.06184471,-0.09701242,-0.08946615,0.4891751,0.1205383,LetfHandToBody,44.667,44.7,,,0.0206899822266685,0.0032676408891218,0.0005165530011831,0.0244741761169735,5.960136322060022,0.8453801316040812,0.1335138258997671,-5.723686995072024,44.7,0015_Woman
1715760241324,530.8702,Cow_Girl,-0.6544857,-1.079425,0.1198612,Press,Question_4,4.0,-0.2233644,0.3261548,0.2081691,-0.2348609,0.3126888,0.02363024,-0.1071468,0.4800735,0.1121702,TouchBody,58.064,58.1,,,0.0229342747480732,0.0072228819728703,0.0007909003221051,0.0309480570430487,3.944725020600376,0.7410570142148737,0.2333872515105971,-4.930501240505149,58.1,0015_Woman
1715760249475,539.0211,Cow_Girl,-0.6528683,-1.079425,0.1161967,Press,Question_5,4.0,-0.2506967,0.5001992,0.1835547,-0.4691281,-0.04307997,-0.1708216,-0.110499,0.4816658,0.1068942,LeftHandToFace,66.215,66.2,,,0.0331593768061382,0.0161241824068252,0.0013529995370467,0.0506365587500102,2.9243280744170086,0.6548505195592809,0.3184296643543539,-4.12743512103846,66.2,0015_Woman
1715760256001,545.5461,Cow_Girl,-0.6420455,-1.079425,0.1252447,Press,Question_5,4.0,-0.4915934,-0.07720613,0.4002028,-0.2093625,0.4559048,0.0151063,-0.1152186,0.4818661,0.1098403,RightHandToFace,72.741,72.7,,,0.0166584948044416,0.0139799206594318,0.0003070716182458,0.0309454870821194,1.7565821498771652,0.5383174212199459,0.4517595933240169,-4.270133217483573,72.7,0015_Woman
1715760268775,558.3213,Cow_Girl,-0.6362324,-1.079425,0.1245252,Press,Question_7,4.0,-0.2535486,0.5315411,0.2097002,-0.2275758,0.4879407,0.06568203,-0.1089585,0.4814779,0.1154577,TouchFace,85.515,85.5,,,0.053226582366273,0.0232167970534247,0.0004249716810716,0.0768683511007694,1.6388710268619493,0.6924381960073065,0.3020332389202549,-3.762879251355863,85.5,0015_Woman
1715821863675,645.0361,Cow_boy,-0.7672944,-1.078539,0.09999809,Press,Question_0,3.0,-0.7231779,-0.1342472,0.4371825,-0.7362876,-0.119101,-0.2247261,-0.07906842,0.6456336,0.1264833,,5.233,5.2,,,0.0232268104078997,0.01761047682641,0.004472577618338,0.0453098648526478,1.4685889470977065,0.5126214894578832,0.3886676087797015,-4.039261279815608,5.2,0016_Man
1715821649966,431.648,Robot Kyle,-1.780166,-1.063336,0.09997282,Press,Question_0,3.0,-1.737791,-0.1281964,0.4116894,-1.678234,-0.09073108,-0.2035703,0.09026676,0.6447864,0.08589593,,4.221,4.2,,,0.0177114905435614,0.0046363660194582,0.0005435213277983,0.0228913778908179,4.765926661104992,0.7737188485567643,0.2025376559494009,-5.373824405055524,4.2,0016_Robot
1716193320455,355.843,Cow_boy,-1.683915,-1.06478,0.09997664,Press,Question_0,2.0,-1.809324,-0.1593691,0.4005013,-1.475835,-0.03763258,-0.2361764,-0.1797877,0.6201937,0.1491315,,4.317,4.3,,,0.0082465527943739,0.0101063110907843,0.0039630946186377,0.022315958503796,0.8302974415589041,0.3695361233518694,0.4528737176610717,-4.594595189805248,4.3,0024_Man
1716193353666,389.0538,Cow_boy,-0.675271,-1.079376,0.1128732,Press,Question_3,4.0,-0.2302022,0.4402552,0.1559506,-0.469852,-0.06032896,-0.1433176,-0.1575078,0.6283777,0.1652759,LetfHandToBody,37.528,37.5,,,0.0122489099699486,0.0487738902227168,0.0041232429565858,0.0651460431492514,0.6553070966800049,0.1880223169024417,0.7486853823335747,-3.0205601457258315,37.5,0024_Man
1716193359955,395.3435,Cow_boy,-0.6707673,-1.079376,0.1249963,Press,Question_4,5.0,-0.5200715,-0.08726925,0.4385673,-0.2156901,0.4274139,0.006870843,-0.1986589,0.593007,0.1245421,RightHandToBody,43.817,43.8,,,0.0070150445892544,0.0191527523984073,0.0018530691127135,0.0280208661003753,0.345540888804956,0.2503507409130551,0.6835175019144303,-3.955308845307055,43.8,0024_Man
1716193368745,404.1322,Cow_boy,-0.668725,-1.079376,0.1176296,Press,Question_5,4.0,-0.25279,0.5855389,0.2344242,-0.4565558,-0.0516125,-0.1874923,-0.1902383,0.5897255,0.006591529,LeftHandToFace,52.607,52.6,,,0.0090976604914535,0.0157633599975759,0.0017385969876564,0.0265996174766859,0.585823039222896,0.3420222301853573,0.5926160408657093,-4.150067019460095,52.6,0024_Man
1716193376034,411.4218,Cow_boy,-0.6534319,-1.079376,0.1254483,Press,Question_6,4.0,-0.2152104,0.5490617,0.2681614,-0.2084379,0.5491234,0.02362023,-0.1705383,0.6035006,0.08874194,TouchFace,59.896,59.9,,,0.006897245190147,0.0070963995491413,0.0007173171733979,0.0147109619126862,0.5903916826313185,0.4688507271709432,0.4823885474831939,-4.94816772931122,59.9,0024_Man
1716193384976,420.3636,Cow_boy,-0.6594138,-1.079376,0.131322,Press,Question_7,4.0,-0.5017815,-0.07695305,0.4679647,-0.210938,0.5285375,0.01813278,-0.1638883,0.631704,0.2072833,RightHandToFace,68.838,68.8,,,0.0073716194295358,0.0083957645219816,0.0007979956402398,0.0165653795917572,1.2050076767637292,0.4450015400313454,0.5068259664969731,-4.780027923869939,68.8,0024_Man
1716193654046,688.7116,Robot Kyle,-4.293864,-1.025609,0.09991179,Press,Question_0,5.0,-4.088914,0.000769496,0.483841,-4.434067,-0.1051016,-0.0792711,-0.1717438,0.609482,0.1531609,,1.708,1.7,,,0.0520872062350295,0.0306365035413141,0.0012010138547698,0.0839247236311134,1.8525836371485,0.6206419751106481,0.3650474164916548,-3.485563054808142,1.7,0024_Robot
1716193669083,703.7488,Robot Kyle,-0.6705503,-1.079396,0.1103064,Press,Question_2,5.0,-0.1795435,0.4476079,0.1730786,-0.4449358,-0.03336823,-0.2546071,-0.1892612,0.5642869,0.140906,LeftHandToFace,16.745,16.7,,,0.0456143211653628,0.022006737828886,0.0005520718539657,0.0681731308482146,2.003674096707684,0.6690952960180414,0.3228066183124755,-3.816406607563991,16.7,0024_Robot
1716193674346,709.0129,Robot Kyle,-0.6655092,-1.079396,0.1190949,Press,Question_3,5.0,-0.4812593,-0.09162438,0.4021192,-0.191884,0.5221901,0.001922227,-0.1783229,0.6104617,0.1648911,RightHandToFace,22.008,22.0,,,0.034954829421368,0.0319341566839799,0.002075076487883,0.0689640625932311,1.8111246716749687,0.5068557174124326,0.463055038858954,-3.4440790995826465,22.0,0024_Robot
1716193679941,714.6081,Robot Kyle,-0.6614342,-1.079396,0.1183783,Press,Question_4,5.0,-0.2236176,0.5896652,0.1940823,-0.2180161,0.5760058,0.04975948,-0.1562402,0.6278946,0.175581,TouchFace,27.603,27.6,,,0.0273780764204446,0.0229344168500585,0.001166361596058,0.0514788548665612,1.4486938425111755,0.5318314964738741,0.4455114028761329,-3.775116577458191,27.6,0024_Robot
1716193686064,720.7296,Robot Kyle,-0.6663208,-1.079396,0.114358,Press,Question_5,5.0,-0.2030334,0.4251831,0.1235076,-0.427506,-0.07048237,-0.1157035,-0.1778138,0.6015381,0.1586957,LetfHandToBody,33.726,33.7,,,0.035543507427983,0.0249594450269896,0.0020824922614163,0.062585444716389,1.253217608298378,0.5679197070349392,0.3988059067103436,-3.690502970223709,33.7,0024_Robot
1716193691256,725.9243,Robot Kyle,-0.6557884,-1.079396,0.1268202,Press,Question_6,5.0,-0.5069046,-0.1006379,0.3901225,-0.1672153,0.423311,0.06366453,-0.1836905,0.6133333,0.1731963,RightHandToBody,38.918,38.9,,,0.0382564300767917,0.0300206444624688,0.0021985013306146,0.0704755758698752,1.4097867888384965,0.5428324579770399,0.4259723186639641,-3.5058699852368016,38.9,0024_Robot
1716193697893,732.5594,Robot Kyle,-0.6521029,-1.079396,0.1277381,Press,Question_7,5.0,-0.1723428,0.3847357,0.2511998,-0.1830258,0.3806224,0.07758627,-0.1926464,0.5454956,0.1907334,TouchBody,45.555,45.6,,,0.0274090947711464,0.0314276502939144,0.0027624283414868,0.0615991734065478,1.0939617603963314,0.4449588079737608,0.510195974327373,-3.460067190944596,45.6,0024_Robot
1716193478655,513.6915,Cow_Girl,-1.058042,-1.074174,0.09999333,Press,Question_0,2.0,-0.8142142,-0.01254153,0.46622,-1.289507,-0.1585452,-0.00961294,-0.146138,0.6183853,0.1485158,,4.942,4.9,,,0.0431854345094889,0.0529572224914296,0.0223349358257917,0.1184775928267103,0.7995247882856628,0.3645029703857465,0.4469809119846551,-2.938270814132212,4.9,0024_Woman
1716193551437,586.4748,Cow_Girl,-0.6567593,-1.079371,0.1234866,Press,Question_6,2.0,-0.2755651,0.5500845,0.1984082,-0.2482247,0.4745469,0.04108725,-0.1446495,0.6313095,0.1679728,TouchFace,77.724,77.7,,,0.0085712884549545,0.0095124554628098,0.000119232924555,0.0182029768423194,1.644131891818874,0.470872897834353,0.5225769139416082,-4.655153237770093,77.7,0024_Woman
1716194867303,220.2633,Cow_boy,-0.7107339,-1.079388,0.09999905,Press,Question_1,3.0,-0.7707267,-0.178019,0.3942672,-0.6477027,-0.1672587,-0.1649679,-0.08223202,0.6069243,0.1988163,,5.552,5.6,,,0.012619010259614,0.0511892445976014,0.0058982985740578,0.0697065534312734,0.2295608937392894,0.1810304718631037,0.734353401191627,-2.9722258354568187,5.6,0025_Man
1716194875010,227.9697,Cow_boy,-0.6777225,-1.079388,0.1094638,Press,Question_2,3.0,-0.2258053,0.5020711,0.2205134,-0.4765911,-0.02931929,-0.2583808,-0.07354355,0.6002793,0.1318054,LeftHandToFace,13.259,13.3,,,0.0091525946786098,0.0207378363840564,0.0021703107917068,0.0320607418543731,0.3112659112821717,0.2854766967084828,0.6468295861103958,-3.875795402545589,13.3,0025_Man
1716194886366,239.3272,Cow_boy,-0.6652193,-1.079388,0.1142574,Press,Question_3,3.0,-0.2546515,0.59159,0.2361709,-0.2311249,0.534516,-0.002900027,-0.03967688,0.6103488,0.1270745,TouchFace,24.615,24.6,,,0.0065322697681511,0.0140100159262314,0.0018162726684745,0.022358558362857,0.3102373446122934,0.2921597028815043,0.6266064072138675,-4.2679827818578895,24.6,0025_Man
1716194895142,248.1029,Cow_boy,-0.6687222,-1.079388,0.1208712,Press,Question_4,3.0,-0.4989781,-0.07589495,0.452582,-0.2348456,0.5395833,-0.01065435,-0.07617106,0.6036114,0.1299557,RightHandToFace,33.391,33.4,,,0.007412734967119,0.0167958392593594,0.0014337162572565,0.0256422904837349,0.5265960946487469,0.2890824036105883,0.6550054204406237,-4.086624086379869,33.4,0025_Man
1716194904694,257.6545,Cow_boy,-0.6521797,-1.079388,0.1228434,Press,Question_5,3.0,-0.1665001,0.3306988,0.324658,-0.1866455,0.3477525,0.006265737,-0.07974367,0.6000184,0.1384433,TouchBody,42.943,42.9,,,0.0092514291922978,0.0246327019465295,0.0030257481926915,0.0369098793315189,0.414480298009264,0.2506491313396858,0.6673742204704161,-3.7036803714239217,42.9,0025_Man
1716194912039,264.9999,Cow_boy,-0.6472435,-1.079388,0.1217605,Press,Question_6,3.0,-0.2041106,0.4338166,0.1862579,-0.4286542,-0.06022537,-0.123238,-0.06650606,0.6077211,0.1406062,LetfHandToBody,50.288,50.3,,,0.0056389002614693,0.017779999464294,0.0017700430220238,0.0251889427477871,0.3974521094268933,0.2238641104523798,0.7058652537473399,-4.029681079026075,50.3,0025_Man
1716194920870,273.8328,Cow_boy,-0.6410208,-1.079388,0.1325098,Press,Question_7,3.0,-0.5003881,-0.08262759,0.4611469,-0.1731415,0.4171942,0.0443574,-0.07546252,0.6056816,0.1415405,RightHandToBody,59.119,59.1,,,0.0105665596604448,0.0354596660651221,0.0029817897386244,0.0490080154641913,0.4181916646337104,0.2156088052201479,0.7235482957074928,-3.3393593956076555,59.1,0025_Man
1716195016925,369.5471,Robot Kyle,-0.6743994,-1.079394,0.111858,Press,Question_2,2.0,-0.2147284,0.42984,0.1022841,-0.4433975,-0.07055902,-0.1260428,-0.005248329,0.6035521,0.1324989,LetfHandToBody,13.816,13.8,,,0.0056212680320959,0.0217533439414918,0.0060992126071929,0.0334738245807807,0.2628703048905165,0.1679302590156788,0.6498613234049656,-3.827987788828501,13.8,0025_Robot
1716195016926,369.5471,Robot Kyle,-0.6743994,-1.079394,0.111858,Press,Question_2,2.0,-0.2147284,0.42984,0.1022841,-0.4433975,-0.07055902,-0.1260428,-0.005248329,0.6035521,0.1324989,LetfHandToBody,13.817,13.8,,,0.0056212680320959,0.0217533439414918,0.0060992126071929,0.0334738245807807,0.2628703048905165,0.1679302590156788,0.6498613234049656,-3.827987788828501,13.8,0025_Robot
1716195028963,381.5858,Robot Kyle,-0.6718488,-1.079394,0.1197434,Press,Question_3,2.0,-0.5125647,-0.104838,0.3678237,-0.2348065,0.1544703,-0.1207203,-0.01706682,0.6127505,0.1694169,RightHandToBody,25.854,25.9,,,0.0135633399795433,0.0340475041056838,0.016791212898225,0.0644020569834522,0.2972867542495384,0.2106041423960785,0.5286710658082275,-3.3799985499342275,25.9,0025_Robot
1716195037474,390.0961,Robot Kyle,-0.6559119,-1.079394,0.1201921,Press,Question_4,2.0,-0.1544795,0.3487889,0.2368399,-0.1661248,0.3371462,0.03172407,-0.02945335,0.6222322,0.1423342,TouchBody,34.365,34.4,,,0.0144702764928406,0.0192542640437521,0.0217269825172429,0.0554515230538356,0.595963096478889,0.2609536347413215,0.3472269648041753,-3.9500227340114447,34.4,0025_Robot
1716195046457,399.0801,Robot Kyle,-0.6566777,-1.079394,0.1281095,Press,Question_5,4.0,-0.474761,-0.09002095,0.4145518,-0.1967425,0.5440609,0.04373799,-0.0234839,0.6168628,0.1439854,RightHandToFace,43.348,43.3,,,0.0235100252678557,0.024127796707588,0.0154110770349597,0.0630488990104035,0.9017397666896476,0.3728855798731153,0.3826838705558799,-3.724390712772823,43.3,0025_Robot
1716195053705,406.3279,Robot Kyle,-0.6487913,-1.079394,0.1290279,Press,Question_6,4.0,-0.2338228,0.6099516,0.2200113,-0.2068968,0.5764726,0.0717288,0.05131146,0.6115342,0.1272039,TouchFace,50.596,50.6,,,0.0115999493449756,0.0153067037382888,0.0104890434332031,0.0373956965164676,0.958092941048299,0.3101947663915688,0.4093172520947256,-4.179464393715333,50.6,0025_Robot
1716195063563,416.1844,Robot Kyle,-0.6562457,-1.079394,0.1212049,Press,Question_7,3.0,-0.2250853,0.5967511,0.2019516,-0.4108863,-0.06289339,-0.1556911,-0.03280731,0.6064855,0.1418767,LeftHandToFace,60.454,60.5,,,0.0209232139218583,0.0505693845169313,0.0102372310961958,0.0817298295349855,0.5410080244445459,0.2560046196217979,0.6187384068295952,-2.984408934877276,60.5,0025_Robot
1716195189674,541.9427,Cow_Girl,-0.6621957,-1.079377,0.1205746,Press,Question_4,2.0,-0.2689009,0.5416806,0.1980291,-0.2654052,0.5126679,0.03654251,-0.1674033,0.58231,0.09861398,TouchFace,41.596,41.6,,,0.0056383491466254,0.0043771553341088,0.0011501806828316,0.0111656851635659,1.0443571278275536,0.504971174095398,0.3920185165520962,-5.431356232687327,41.6,0025_Woman
1716195189676,541.9427,Cow_Girl,-0.6621957,-1.079377,0.1205746,Press,Question_4,2.0,-0.2689009,0.5416806,0.1980291,-0.2654052,0.5126679,0.03654251,-0.1674033,0.58231,0.09861398,TouchFace,41.598,41.6,,,0.0056383491466254,0.0043771553341088,0.0011501806828316,0.0111656851635659,1.0443571278275536,0.504971174095398,0.3920185165520962,-5.431356232687327,41.6,0025_Woman
1716195232105,584.3727,Cow_Girl,-0.6567531,-1.079377,0.1253844,Press,Question_7,2.0,-0.2252455,0.3270085,0.2115994,-0.2380276,0.3137844,0.02737436,-0.1416152,0.5899862,0.1095319,TouchBody,84.027,84.0,,,0.0270744473106846,0.0274731621343437,0.0177787602914346,0.0723263697364629,0.7718531395655529,0.3743371526780114,0.3798498698945935,-3.594545673219423,84.0,0025_Woman
1716265385851,619.1126,Cow_boy,-1.866362,-1.062041,0.09996996,Press,Question_0,3.0,-1.719007,-0.0952152,0.4519063,-1.933981,-0.145893,-0.1987223,-0.2282273,0.6696474,0.05142985,,4.134,4.1,,,0.0101193949708459,0.0075995236754821,0.0002963778382467,0.0180152964845748,1.242700557233378,0.5617112646195087,0.4218372804460382,-4.879669707932636,4.1,0026_Man
1716265406207,639.4686,Cow_boy,-0.6675549,-1.079391,0.1173554,Press,Question_2,4.0,-0.1857686,0.3428538,0.267779,-0.2080855,0.3530616,-0.01071157,-0.1897242,0.6596403,0.0927671,TouchBody,24.49,24.5,,,0.0249652608856202,0.010442950698074,0.0003068215067494,0.0357150330904437,1.956842740149716,0.6990126768859196,0.2923965007012199,-4.561828102545949,24.5,0026_Man
1716265418459,651.7213,Cow_boy,-0.6654115,-1.079391,0.1249519,Press,Question_3,4.0,-0.5106068,-0.08295089,0.4458133,-0.2054434,0.4233376,0.01043902,-0.1967333,0.6592343,0.07161199,RightHandToBody,36.742,36.7,,,0.014691040324202,0.01007291681304,0.0002953592986514,0.0250593164358935,1.401881425852569,0.5862506410254458,0.401962952134327,-4.5979049604653,36.7,0026_Man
1716265448186,681.4475,Cow_boy,-0.6509418,-1.079391,0.1330086,Press,Question_5,3.0,-0.4836087,-0.07872677,0.4631968,-0.1777816,0.4858406,0.00417719,-0.1874774,0.6746794,0.1020867,RightHandToFace,66.469,66.5,,,0.0515637738536217,0.0464855656257698,0.001616947220882,0.0996662867002736,1.4980971024917034,0.5173642518526801,0.4664121355856853,-3.068613431228159,66.5,0026_Man
1716265459979,693.2415,Cow_boy,-0.6450801,-1.079391,0.1341487,Press,Question_6,5.0,-0.2361789,0.5718548,0.259791,-0.2116675,0.5393996,0.02487097,-0.2394312,0.675048,0.1119661,TouchFace,78.262,78.3,,,0.0533416270516271,0.0415027203275594,0.0025696859235938,0.0974140333027804,1.1329303086674234,0.5475764142300905,0.4260445740765241,-3.181996303832124,78.3,0026_Man
1716265470978,704.2419,Cow_boy,-0.6399641,-1.079391,0.1322518,Press,Question_7,4.0,-0.2261548,0.5824914,0.2561904,-0.4211416,-0.05258965,-0.1643738,-0.2236454,0.675218,0.1121316,LeftHandToFace,89.261,89.3,,,0.0196426534450313,0.0096899769223657,0.0004326185026114,0.0297652488700084,1.4224204374126983,0.6599190059124043,0.325546645508796,-4.6366632346751,89.3,0026_Man
1716265560007,792.9017,Robot Kyle,-2.268697,-1.056003,0.09995899,Press,Question_0,3.0,-2.114727,-0.06610984,0.4875294,-2.353312,-0.1298112,-0.09179702,-0.1665468,0.6677458,0.003092475,,3.732,3.7,,,0.0227303464457857,0.0134454442827334,0.0006785039028694,0.0368542946313887,2.046599308054708,0.6167624878764162,0.3648270687911099,-4.309114945349587,3.7,0026_Robot
1716265582047,814.9437,Robot Kyle,-0.6714826,-1.079421,0.1111332,Press,Question_2,4.0,-0.2134328,0.414031,0.08928023,-0.441514,-0.07035625,-0.1276216,-0.2293783,0.6751303,0.09856196,LetfHandToBody,25.772,25.8,,,0.0255652165833526,0.0180665987381374,0.0007455207758945,0.0443773360973846,1.2405631216569308,0.5760872290137166,0.4071131872019279,-4.013690419093407,25.8,0026_Robot
1716265596569,829.4653,Robot Kyle,-0.6579704,-1.079421,0.1137682,Press,Question_3,3.0,-0.1705022,0.2851423,0.2366134,-0.1867261,0.232136,-0.05848207,-0.2404638,0.6863372,0.09881309,TouchBody,40.294,40.3,,,0.0590324998681633,0.0352635367065963,0.0018126893482352,0.0961087259229949,1.9416825282245829,0.6142262245309739,0.3669129558001892,-3.3449058033953984,40.3,0026_Robot
1716265625446,858.3427,Robot Kyle,-0.670176,-1.079421,0.1142541,Press,Question_5,3.0,-0.5201883,-0.1017165,0.3461662,-0.3579631,0.0010432,-0.1633328,-0.2001158,0.7087296,0.1283284,RightHandToFace,69.171,69.2,,,0.0179613274712553,0.0172216843303192,0.0006970656459629,0.0358800774475374,1.037252441644664,0.5005933305890364,0.4799790177571417,-4.061585972319931,69.2,0026_Robot
1716265651010,883.9055,Robot Kyle,-0.6484008,-1.079421,0.1197563,Press,Question_7,3.0,-0.2279286,0.607489,0.1967021,-0.1814671,0.5081755,0.05453882,-0.2173484,0.6942261,0.102395,TouchFace,94.735,94.7,,,0.0490276472422958,0.023800191810198,0.0010963260603135,0.0739241651128074,1.957069828323375,0.6632154339177209,0.3219541509042304,-3.738061639085165,94.7,0026_Robot
1716265159330,392.9466,Cow_Girl,-3.579365,-1.036333,0.09992728,Press,Question_0,3.0,-3.723855,-0.1656462,0.3274499,-3.339898,-0.0129416,-0.1556071,-0.2520577,0.6952651,0.1242487,,2.421,2.4,,,0.0199195722011821,0.0068333923097471,0.0005444415014093,0.0272974060123386,2.3286738193894414,0.7297239961986995,0.2503311965487992,-4.985934050848427,2.4,0026_Woman
1716268830456,364.1125,Cow_boy,-0.9336467,-1.076042,0.09999523,Press,Question_0,3.0,-0.692697,-0.05133545,0.5054423,-1.125121,-0.167931,-0.1138858,-0.06111997,0.4966989,0.1765218,,5.067,5.1,,,0.0218202475784549,0.0179331480969593,0.0013296324608614,0.0410830281362757,1.2904198283423995,0.5311255905011536,0.4365098901053166,-4.021104429701688,5.1,0027_Man
1716268844686,378.3446,Cow_boy,-0.6761603,-1.079376,0.1111156,Press,Question_2,4.0,-0.2185121,0.3862327,0.1552087,-0.4699492,-0.05960274,-0.1449303,-0.06408868,0.5000026,0.1339677,LetfHandToBody,19.297,19.3,,,0.0165137424320278,0.0075976893230453,0.0007740674679971,0.0248854992230703,1.366750493468067,0.6635889553189535,0.3053058833556309,-4.8799111143597,19.3,0027_Man
1716268849964,383.6203,Cow_boy,-0.6627388,-1.079376,0.1231099,Press,Question_3,5.0,-0.5185871,-0.09776896,0.4214502,-0.188128,0.3560965,-0.02111902,-0.06791987,0.4946061,0.1436969,RightHandToBody,24.575,24.6,,,0.0248265549549898,0.0070344256397684,0.0008343205710868,0.032695301165845,2.0627558526649112,0.7593309763093633,0.2151509663142945,-4.956939234994199,24.6,0027_Man
1716268856835,390.4933,Cow_boy,-0.6497221,-1.079376,0.1194507,Press,Question_4,5.0,-0.1861439,0.2396201,0.2845689,-0.2170448,0.1870064,-0.114468,0.08557057,0.4863374,0.0616434,TouchBody,31.446,31.4,,,0.0097028939940785,0.0048903955775038,0.0005712533626766,0.015164542934259,3.012115691591025,0.6398408469112674,0.3224888213713088,-5.320482083572145,31.4,0027_Man
1716268861891,395.5476,Cow_boy,-0.6454916,-1.079376,0.127164,Press,Question_5,5.0,-0.4974394,-0.1073396,0.4262572,-0.1864257,0.2688867,-0.1392612,0.001543808,0.491782,0.1690738,RightHandToFace,36.502,36.5,,,0.0194991369871258,0.0036577649067159,0.0003695362827807,0.0235264381766226,3.577440740548585,0.828818065902618,0.1554746570328943,-5.61090299933573,36.5,0027_Man
1716268865861,399.5184,Cow_boy,-0.6456151,-1.079376,0.12384,Press,Question_5,5.0,-0.2030692,0.1740597,0.3083282,-0.4787784,-0.07297492,-0.2085656,-0.02942868,0.4985327,0.1949911,LeftHandToFace,40.472,40.5,,,0.020842728721127,0.0030756161223441,0.0004124810056075,0.0243308258490787,4.926880460496934,0.8566387696994743,0.1264082091344476,-5.7842500328040645,40.5,0027_Man
1716268871262,404.9199,Cow_boy,-0.6243057,-1.079376,0.1297871,Press,Question_7,5.0,-0.1470876,0.3776797,0.2858716,-0.1600761,0.2969974,-0.1142901,-0.06351978,0.5022398,0.1283525,TouchFace,45.873,45.9,,,0.0157022989903173,0.0020870335403737,0.0004880614036913,0.0182773939343823,6.4596160691426245,0.8591103877658971,0.1141866038378556,-6.172011579921939,45.9,0027_Man
1716268677255,211.2675,Robot Kyle,-0.9597797,-1.075649,0.09999476,Press,Question_0,3.0,-0.6696501,-0.03633451,0.4940697,-1.153139,-0.173544,-0.0619811,-0.00278849,0.5306481,0.1010664,,5.04,5.0,,,0.0470852065230577,0.0812470662764803,0.0147887200691132,0.1431209928686513,0.4781198723239096,0.3289888197342929,0.5676809854934729,-2.510260565790573,5.0,0027_Robot
1716268695097,229.1089,Robot Kyle,-0.6709065,-1.079405,0.1170102,Press,Question_2,1.0,-0.1849561,0.2340541,0.2062541,-0.455245,-0.0727123,-0.1330093,-0.03331652,0.5072326,0.09839393,LeftHandToFace,22.882,22.9,,,0.0504397423989752,0.0155377037363155,0.0015020582001924,0.0674795043354832,1.557248907016871,0.7474824081132454,0.2302581189551693,-4.164485709676775,22.9,0027_Robot
1716268700386,234.3984,Robot Kyle,-0.6595273,-1.079405,0.1185337,Press,Question_3,2.0,-0.1557937,0.3808702,0.2283374,-0.1782575,0.3042507,-0.1128954,-0.04456584,0.5013733,0.08456029,TouchFace,28.171,28.2,,,0.0384827731767581,0.0147781348199805,0.0007601588489228,0.0540210668456615,2.6713313581997125,0.7123660346565097,0.2735624393017215,-4.214606567637906,28.2,0027_Robot
1716268708509,242.5212,Robot Kyle,-0.6602387,-1.079405,0.1248079,Press,Question_4,3.0,-0.4727449,-0.09102583,0.4058867,-0.1702762,0.5080637,0.008065797,-0.01761167,0.4970041,0.09743416,RightHandToFace,36.294,36.3,,,0.0460036500447107,0.0122832359326725,0.0018646845806574,0.0601515705580407,2.963674432923332,0.7647954927514564,0.2042047417668067,-4.399519878543825,36.3,0027_Robot
1716268717950,251.9625,Robot Kyle,-0.6587844,-1.079405,0.1303178,Press,Question_5,3.0,-0.4923201,-0.0955016,0.4091378,-0.1583409,0.3764085,0.05101214,-0.05952474,0.5070978,0.1319626,RightHandToBody,45.735,45.7,,,0.0303565989863216,0.0212428025816009,0.0022310530517547,0.0538304546196773,2.83046468680745,0.5639298274702856,0.3946242462874494,-3.851737143026513,45.7,0027_Robot
1716268723296,257.3083,Robot Kyle,-0.6414967,-1.079405,0.1306573,Press,Question_6,4.0,-0.1669245,0.20472,0.2584039,-0.1972456,0.1528873,-0.08500709,-0.08063991,0.4960446,0.1363367,TouchBody,51.081,51.1,,,0.0296818193863014,0.0215894449796102,0.0053956424666756,0.0566669068325873,1.577024616934254,0.5237945927416026,0.380988590808257,-3.8355507420757977,51.1,0027_Robot
1716268732057,266.0688,Robot Kyle,-0.6412301,-1.079405,0.126566,Press,Question_7,3.0,-0.181623,0.4254985,0.1300894,-0.4021535,-0.07050693,-0.1031488,-0.08487979,0.5293608,0.1364571,LetfHandToBody,59.842,59.8,,,0.023660650086907,0.0188112244763332,0.0035126908601324,0.0459845654233726,1.2781794442985708,0.5145346024055499,0.4090769218571758,-3.9733015406941847,59.8,0027_Robot
1716268356256,391.6574,Cow_Girl,-0.8905253,-1.076689,0.09999619,Press,Question_0,3.0,-0.696878,-0.0703336,0.4290167,-1.025662,-0.1548685,-0.09554138,0.0650247,0.5038237,0.15647,,5.108,5.1,,,0.0543735325967317,0.0236794379518294,0.0020843265817196,0.0801372971302808,2.775363003192239,0.6785046981099897,0.2954858573946325,-3.743148204390352,5.1,0027_Woman
1716268417627,453.0255,Cow_Girl,-0.6479788,-1.079384,0.1288806,Press,Question_4,1.0,-0.2332783,0.5063591,0.2193938,-0.2175145,0.4144814,-0.003604315,-0.02728344,0.5042165,0.09294682,TouchFace,66.479,66.5,,,0.015626618832641,0.0124879702816136,0.0008872633598208,0.0290018524740755,1.5246655800194284,0.5388145066460683,0.430592159337978,-4.38298947552731,66.5,0027_Woman
1716268440174,475.574,Cow_Girl,-0.6391482,-1.079384,0.1363932,Press,Question_6,3.0,-0.4877005,-0.07909679,0.409391,-0.2089143,0.4530382,0.01682959,-0.02778903,0.4961748,0.1567291,RightHandToFace,89.026,89.0,,,0.0274881193708744,0.0155396008959679,0.0014542446748562,0.0444819649416986,1.5823419211213383,0.6179609962577515,0.3493460982745537,-4.16436361674258,89.0,0027_Woman
