HRV_ULF,HRV_VLF,HRV_LF,HRV_HF,HRV_VHF,HRV_TP,HRV_LFHF,HRV_LFn,HRV_HFn,HRV_LnHF,time
,,0.049225295560682635,0.0219954377853512,0.0009728759733728726,0.0721936093194067,2.237977531570948,0.681851150326822,0.3046729203971037,-3.8169202205217836,0.0
,,0.049225295560682635,0.0219954377853512,0.0009728759733728726,0.0721936093194067,2.237977531570948,0.681851150326822,0.3046729203971037,-3.8169202205217836,0.1
,,0.049225295560682635,0.0219954377853512,0.0009728759733728726,0.0721936093194067,2.237977531570948,0.681851150326822,0.3046729203971037,-3.8169202205217836,0.2
,,0.052855994770996666,0.02860846063304329,0.0012572867795967147,0.08272174218363668,2.1403744353938183,0.6389613344174973,0.34583967742766397,-3.5540527785741265,0.3
,,0.05278342821119991,0.028691986635132182,0.001269192815315775,0.08274460766164787,2.0802310469765573,0.6379077707037704,0.3467535522369867,-3.5511374065227352,0.4
,,0.05278342821119991,0.028691986635132182,0.001269192815315775,0.08274460766164787,2.040135454698383,0.6379077707037704,0.3467535522369867,-3.5511374065227352,0.5
,,0.05278342821119991,0.028691986635132182,0.001269192815315775,0.08274460766164787,2.0114957459282587,0.6379077707037704,0.3467535522369867,-3.5511374065227352,0.6
,,0.052675817811284616,0.029233649686377577,0.0011008294443248902,0.08301029694198708,1.985295013909857,0.6345696829406339,0.3521689569043215,-3.5324348466757858,0.7
,,0.052675817811284616,0.029233649686377577,0.0011008294443248902,0.08301029694198708,1.9649166667844338,0.6345696829406339,0.3521689569043215,-3.5324348466757858,0.8
,,0.052675817811284616,0.029233649686377577,0.0011008294443248902,0.08301029694198708,1.948613989084095,0.6345696829406339,0.3521689569043215,-3.5324348466757858,0.9
,,0.052675817811284616,0.029233649686377577,0.0011008294443248902,0.08301029694198708,1.9352754346019998,0.6345696829406339,0.3521689569043215,-3.5324348466757858,1.0
,,0.05247333703024578,0.029850938078675577,0.0012755610451539363,0.08359983615407529,1.9204896063217152,0.6276727257399993,0.3570693371175993,-3.511539013216033,1.1
,,0.052404228096013764,0.029945634562151557,0.001291417948059641,0.08364128060622497,1.9073733967691902,0.6265354585223029,0.3580245824204043,-3.508371722568494,1.2
,,0.052404228096013764,0.029945634562151557,0.001291417948059641,0.08364128060622497,1.8961309314384547,0.6265354585223029,0.3580245824204043,-3.508371722568494,1.3
,,0.052087206235029555,0.030636503541314114,0.0012010138547698245,0.08392472363111349,1.883066743151468,0.6206419751106481,0.36504741649165484,-3.485563054808142,1.4
,,0.052087206235029555,0.030636503541314114,0.0012010138547698245,0.08392472363111349,1.8716355784003549,0.6206419751106481,0.36504741649165484,-3.485563054808142,1.5
,,0.052087206235029555,0.030636503541314114,0.0012010138547698245,0.08392472363111349,1.8615492565611371,0.6206419751106481,0.36504741649165484,-3.485563054808142,1.6
,,0.052087206235029555,0.030636503541314114,0.0012010138547698245,0.08392472363111349,1.8525836371484994,0.6206419751106481,0.36504741649165484,-3.485563054808142,1.7
,,0.052087206235029555,0.030636503541314114,0.0012010138547698245,0.08392472363111349,1.8445617671477181,0.6206419751106481,0.36504741649165484,-3.485563054808142,1.8
,,0.05195000966828627,0.03122767407729364,0.001294721808539393,0.08447240555411929,1.8355131201084742,0.6149938471327567,0.36967899602772497,-3.46645058765272,1.9
,,0.052087206235029555,0.030636503541314114,0.0012010138547698245,0.08392472363111349,1.8290681194906258,0.6206419751106481,0.36504741649165484,-3.485563054808142,2.0
,,0.05065013804371291,0.031600218044989775,0.001187235034567883,0.08343759112327057,1.8187850872355484,0.6070421899990195,0.37872879141853055,-3.4545912582551725,2.1
,,0.05065013804371291,0.031600218044989775,0.001187235034567883,0.08343759112327057,1.809396231698304,0.6070421899990195,0.37872879141853055,-3.4545912582551725,2.2
,,0.05065013804371291,0.031600218044989775,0.001187235034567883,0.08343759112327057,1.8007897807891633,0.6070421899990195,0.37872879141853055,-3.4545912582551725,2.3
,,0.05065013804371291,0.031600218044989775,0.001187235034567883,0.08343759112327057,1.792871845952754,0.6070421899990195,0.37872879141853055,-3.4545912582551725,2.4
,,0.05065013804371291,0.031600218044989775,0.001187235034567883,0.08343759112327057,1.7855629830268376,0.6070421899990195,0.37872879141853055,-3.4545912582551725,2.5
,,0.05065013804371291,0.031600218044989775,0.001187235034567883,0.08343759112327057,1.7787955173546928,0.6070421899990195,0.37872879141853055,-3.4545912582551725,2.6
,,0.05065013804371291,0.031600218044989775,0.001187235034567883,0.08343759112327057,1.772511442087701,0.6070421899990195,0.37872879141853055,-3.4545912582551725,2.7
,,0.04909277056363522,0.032078589511499625,0.0011481562073846485,0.08231951628251949,1.7641624461505478,0.596368550018558,0.38968389223044425,-3.439566464796459,2.8
,,0.04909277056363522,0.032078589511499625,0.0011481562073846485,0.08231951628251949,1.756370049942538,0.596368550018558,0.38968389223044425,-3.439566464796459,2.9
,,0.04909277056363522,0.032078589511499625,0.0011481562073846485,0.08231951628251949,1.7490803889737547,0.596368550018558,0.38968389223044425,-3.439566464796459,3.0
,,0.04909277056363522,0.032078589511499625,0.0011481562073846485,0.08231951628251949,1.7422463318155206,0.596368550018558,0.38968389223044425,-3.439566464796459,3.1
,,0.04909277056363522,0.032078589511499625,0.0011481562073846485,0.08231951628251949,1.7358264599396036,0.596368550018558,0.38968389223044425,-3.439566464796459,3.2
,,0.04909277056363522,0.032078589511499625,0.0011481562073846485,0.08231951628251949,1.729784227585799,0.596368550018558,0.38968389223044425,-3.439566464796459,3.3
,,0.04909277056363522,0.032078589511499625,0.0011481562073846485,0.08231951628251949,1.7240872656522122,0.596368550018558,0.38968389223044425,-3.439566464796459,3.4
,,0.04909277056363522,0.032078589511499625,0.0011481562073846485,0.08231951628251949,1.7187068016038247,0.596368550018558,0.38968389223044425,-3.439566464796459,3.5
,,0.04881886275255251,0.032845469151499725,0.001139640392822831,0.08280397229687506,1.7124260649289689,0.589571507240298,0.39666538017934294,-3.415941468937012,3.6
,,0.04881886275255251,0.032845469151499725,0.001139640392822831,0.08280397229687506,1.7064758933422635,0.589571507240298,0.39666538017934294,-3.415941468937012,3.7
,,0.04881886275255251,0.032845469151499725,0.001139640392822831,0.08280397229687506,1.7008308587600045,0.589571507240298,0.39666538017934294,-3.415941468937012,3.8
,,0.04881886275255251,0.032845469151499725,0.001139640392822831,0.08280397229687506,1.6954680759068583,0.589571507240298,0.39666538017934294,-3.415941468937012,3.9
,,0.04881886275255251,0.032845469151499725,0.001139640392822831,0.08280397229687506,1.6903668922172805,0.589571507240298,0.39666538017934294,-3.415941468937012,4.0
,,0.04881886275255251,0.032845469151499725,0.001139640392822831,0.08280397229687506,1.6855086220367301,0.589571507240298,0.39666538017934294,-3.415941468937012,4.1
,,0.04881886275255251,0.032845469151499725,0.001139640392822831,0.08280397229687506,1.680876317911089,0.589571507240298,0.39666538017934294,-3.415941468937012,4.2
,,0.05030743635960626,0.03388107352281125,0.001281675792683158,0.08547018567510066,1.676420586932889,0.5885963153378514,0.39640809546856465,-3.3848987236668853,4.3
,,0.05024254353914139,0.033976125427606134,0.0011612009537303577,0.08537986992047789,1.672028134875327,0.5884588906722028,0.3979407026416323,-3.382097194324869,4.4
,,0.05024254353914139,0.033976125427606134,0.0011612009537303577,0.08537986992047789,1.6678266589941801,0.5884588906722028,0.3979407026416323,-3.382097194324869,4.5
,,0.05024254353914139,0.033976125427606134,0.0011612009537303577,0.08537986992047789,1.6638039693207423,0.5884588906722028,0.3979407026416323,-3.382097194324869,4.6
,,0.05024254353914139,0.033976125427606134,0.0011612009537303577,0.08537986992047789,1.6599488917170309,0.5884588906722028,0.3979407026416323,-3.382097194324869,4.7
,,0.05024254353914139,0.033976125427606134,0.0011612009537303577,0.08537986992047789,1.6562511642195934,0.5884588906722028,0.3979407026416323,-3.382097194324869,4.8
,,0.05024254353914139,0.033976125427606134,0.0011612009537303577,0.08537986992047789,1.6527013458220534,0.5884588906722028,0.3979407026416323,-3.382097194324869,4.9
,,0.05024254353914139,0.033976125427606134,0.0011612009537303577,0.08537986992047789,1.6492907359891227,0.5884588906722028,0.3979407026416323,-3.382097194324869,5.0
,,0.05024254353914139,0.033976125427606134,0.0011612009537303577,0.08537986992047789,1.6460113034574586,0.5884588906722028,0.3979407026416323,-3.382097194324869,5.1
,,0.05012205740568472,0.03323410411843123,0.0014008098465792668,0.08475697137069522,1.6434101713594096,0.5913620625549446,0.39211056720134224,-3.4041786978190767,5.2
,,0.051686722094434506,0.03430027789409181,0.0011731638892375131,0.08716016387776383,1.6408820072632917,0.5930085465066541,0.39353159021357054,-3.372601822974497,5.3
,,0.051686722094434506,0.03430027789409181,0.0011731638892375131,0.08716016387776383,1.6384457764070326,0.5930085465066541,0.39353159021357054,-3.372601822974497,5.4
,,0.051686722094434506,0.03430027789409181,0.0011731638892375131,0.08716016387776383,1.63609655379564,0.5930085465066541,0.39353159021357054,-3.372601822974497,5.5
,,0.051686722094434506,0.03430027789409181,0.0011731638892375131,0.08716016387776383,1.633829760047805,0.5930085465066541,0.39353159021357054,-3.372601822974497,5.6
,,0.051686722094434506,0.03430027789409181,0.0011731638892375131,0.08716016387776383,1.6316411316016193,0.5930085465066541,0.39353159021357054,-3.372601822974497,5.7
,,0.051686722094434506,0.03430027789409181,0.0011731638892375131,0.08716016387776383,1.6295266939502198,0.5930085465066541,0.39353159021357054,-3.372601822974497,5.8
,,0.051686722094434506,0.03430027789409181,0.0011731638892375131,0.08716016387776383,1.6274827375538667,0.5930085465066541,0.39353159021357054,-3.372601822974497,5.9
,,0.05151636689426729,0.032949918215986126,0.0013858906975079697,0.08585217580776139,1.6264334271526688,0.6000589549369347,0.3837982893964968,-3.412766500100855,6.0
,,0.05273101189845204,0.03376271362850517,0.0011749048712010302,0.08766863039815825,1.6253911463566166,0.6014809591408858,0.3851173843502232,-3.388398232493412,6.1
,,0.05273101189845204,0.03376271362850517,0.0011749048712010302,0.08766863039815825,1.6243819538398037,0.6014809591408858,0.3851173843502232,-3.388398232493412,6.2
,,0.05273101189845204,0.03376271362850517,0.0011749048712010302,0.08766863039815825,1.6234042985891415,0.6014809591408858,0.3851173843502232,-3.388398232493412,6.3
,,0.05273101189845204,0.03376271362850517,0.0011749048712010302,0.08766863039815825,1.6224567250384996,0.6014809591408858,0.3851173843502232,-3.388398232493412,6.4
,,0.05273101189845204,0.03376271362850517,0.0011749048712010302,0.08766863039815825,1.621537865837877,0.6014809591408858,0.3851173843502232,-3.388398232493412,6.5
,,0.05273101189845204,0.03376271362850517,0.0011749048712010302,0.08766863039815825,1.620646435270109,0.6014809591408858,0.3851173843502232,-3.388398232493412,6.6
,,0.04845107986131656,0.030168204170152715,0.0015818050587855697,0.08020108909025485,1.6204315066636552,0.6041199740665841,0.3761570386681747,-3.5009667512767497,6.7
,,0.04845107986131656,0.030168204170152715,0.0015818050587855697,0.08020108909025485,1.6202228078718814,0.6041199740665841,0.3761570386681747,-3.5009667512767497,6.8
,,0.05379934482187385,0.03289851233698093,0.0011740370124686391,0.08787189417132342,1.6204383733241852,0.6122474692190147,0.3743917511649271,-3.4143278399541073,6.9
,,0.05379934482187385,0.03289851233698093,0.0011740370124686391,0.08787189417132342,1.6206478665102266,0.6122474692190147,0.3743917511649271,-3.4143278399541073,7.0
,,0.05379934482187385,0.03289851233698093,0.0011740370124686391,0.08787189417132342,1.6208515404411006,0.6122474692190147,0.3743917511649271,-3.4143278399541073,7.1
,,0.05379934482187385,0.03289851233698093,0.0011740370124686391,0.08787189417132342,1.621049634264279,0.6122474692190147,0.3743917511649271,-3.4143278399541073,7.2
,,0.05379934482187385,0.03289851233698093,0.0011740370124686391,0.08787189417132342,1.621242374200345,0.6122474692190147,0.3743917511649271,-3.4143278399541073,7.3
,,0.05379934482187385,0.03289851233698093,0.0011740370124686391,0.08787189417132342,1.6214299744047822,0.6122474692190147,0.3743917511649271,-3.4143278399541073,7.4
,,0.05378324779738439,0.030966489697071845,0.0013222632302114653,0.0860720007246677,1.6229482766062784,0.6248634555321827,0.35977425221157944,-3.474849636688382,7.5
,,0.05378324779738439,0.030966489697071845,0.0013222632302114653,0.0860720007246677,1.6244271423869565,0.6248634555321827,0.35977425221157944,-3.474849636688382,7.6
,,0.05478317180613457,0.031859175271812375,0.0011779682299904509,0.08782031530793738,1.6256465563309637,0.6238097826686253,0.3627768262969659,-3.4464298608424278,7.7
,,0.05478317180613457,0.031859175271812375,0.0011779682299904509,0.08782031530793738,1.626835099035882,0.6238097826686253,0.3627768262969659,-3.4464298608424278,7.8
,,0.05478317180613457,0.031859175271812375,0.0011779682299904509,0.08782031530793738,1.6279939281731775,0.6238097826686253,0.3627768262969659,-3.4464298608424278,7.9
,,0.05478317180613457,0.031859175271812375,0.0011779682299904509,0.08782031530793738,1.6291241442453546,0.6238097826686253,0.3627768262969659,-3.4464298608424278,8.0
,,0.05478317180613457,0.031859175271812375,0.0011779682299904509,0.08782031530793738,1.6302267940718687,0.6238097826686253,0.3627768262969659,-3.4464298608424278,8.1
,,0.05478317180613457,0.031859175271812375,0.0011779682299904509,0.08782031530793738,1.631302874023045,0.6238097826686253,0.3627768262969659,-3.4464298608424278,8.2
,,0.05100634576769531,0.027515532333470143,0.001355756800432485,0.07987763490159794,1.633950806487092,0.6385560342457628,0.3444710445842169,-3.593004621629758,8.3
,,0.05113549266844783,0.027857134752725582,0.0011004616765643124,0.08009308909773773,1.6363235452835527,0.6384507483042277,0.3478094685389332,-3.5806661604015453,8.4
,,0.05113549266844783,0.027857134752725582,0.0011004616765643124,0.08009308909773773,1.638641104108003,0.6384507483042277,0.3478094685389332,-3.5806661604015453,8.5
,,0.05113549266844783,0.027857134752725582,0.0011004616765643124,0.08009308909773773,1.6409053857180977,0.6384507483042277,0.3478094685389332,-3.5806661604015453,8.6
,,0.05113549266844783,0.027857134752725582,0.0011004616765643124,0.08009308909773773,1.6431182063825085,0.6384507483042277,0.3478094685389332,-3.5806661604015453,8.7
,,0.05113549266844783,0.027857134752725582,0.0011004616765643124,0.08009308909773773,1.6452813007398537,0.6384507483042277,0.3478094685389332,-3.5806661604015453,8.8
,,0.05113549266844783,0.027857134752725582,0.0011004616765643124,0.08009308909773773,1.6473963263337026,0.6384507483042277,0.3478094685389332,-3.5806661604015453,8.9
,,0.05113549266844783,0.027857134752725582,0.0011004616765643124,0.08009308909773773,1.6429258382516505,0.6384507483042277,0.3478094685389332,-3.5806661604015453,9.0
,,0.05552681959310057,0.02877167393478142,0.0012826734084781862,0.08558116693636017,1.6395028959358788,0.6488205475673333,0.3361916524949537,-3.5483639197681507,9.1
,,0.05166324220753142,0.026439359797692127,0.0010259289722191105,0.07912853097744266,1.6363478981403912,0.6529028350375817,0.3341318165660026,-3.6329014776922497,9.2
,,0.05166324220753142,0.026439359797692127,0.0010259289722191105,0.07912853097744266,1.637530815730554,0.6529028350375817,0.3341318165660026,-3.6329014776922497,9.3
,,0.05166324220753142,0.026439359797692127,0.0010259289722191105,0.07912853097744266,1.6388015961379934,0.6529028350375817,0.3341318165660026,-3.6329014776922497,9.4
,,0.05166324220753142,0.026439359797692127,0.0010259289722191105,0.07912853097744266,1.640072376545433,0.6529028350375817,0.3341318165660026,-3.6329014776922497,9.5
,,0.05166324220753142,0.026439359797692127,0.0010259289722191105,0.07912853097744266,1.6413431569528725,0.6529028350375817,0.3341318165660026,-3.6329014776922497,9.6
,,0.05166324220753142,0.026439359797692127,0.0010259289722191105,0.07912853097744266,1.643033577399495,0.6529028350375817,0.3341318165660026,-3.6329014776922497,9.7
,,0.05208258835213984,0.0247561076789132,0.0011269642228301964,0.07796566025388323,1.6463884434265084,0.6680195894261765,0.3175257876134022,-3.6986830455057724,9.8
,,0.0564412193477171,0.02886505104420427,0.001248465326460409,0.08655473571838178,1.64809353335472,0.652087016143827,0.3334889859535918,-3.5451237220937286,9.9
,,0.0564412193477171,0.02886505104420427,0.001248465326460409,0.08655473571838178,1.6497986232829318,0.652087016143827,0.3334889859535918,-3.5451237220937286,10.0
,,0.0564412193477171,0.02886505104420427,0.001248465326460409,0.08655473571838178,1.6519930953727266,0.652087016143827,0.3334889859535918,-3.5451237220937286,10.1
,,0.0564412193477171,0.02886505104420427,0.001248465326460409,0.08655473571838178,1.6542749742747402,0.652087016143827,0.3334889859535918,-3.5451237220937286,10.2
,,0.0564412193477171,0.02886505104420427,0.001248465326460409,0.08655473571838178,1.6565568531767538,0.652087016143827,0.3334889859535918,-3.5451237220937286,10.3
,,0.0564412193477171,0.02886505104420427,0.001248465326460409,0.08655473571838178,1.6593921851343814,0.652087016143827,0.3334889859535918,-3.5451237220937286,10.4
,,0.0564412193477171,0.02886505104420427,0.001248465326460409,0.08655473571838178,1.6622275170920087,0.652087016143827,0.3334889859535918,-3.5451237220937286,10.5
,,0.05635374285334062,0.02804032781408741,0.0012893227864359386,0.08568339345386397,1.6656671946591854,0.657697373805394,0.32725510374639466,-3.5741115259394567,10.6
,,0.05635374285334062,0.02804032781408741,0.0012893227864359386,0.08568339345386397,1.6691068722263622,0.657697373805394,0.32725510374639466,-3.5741115259394567,10.7
,,0.05635374285334062,0.02804032781408741,0.0012893227864359386,0.08568339345386397,1.6725465497935397,0.657697373805394,0.32725510374639466,-3.5741115259394567,10.8
,,0.05635374285334062,0.02804032781408741,0.0012893227864359386,0.08568339345386397,1.6763926638137254,0.657697373805394,0.32725510374639466,-3.5741115259394567,10.9
,,0.05635374285334062,0.02804032781408741,0.0012893227864359386,0.08568339345386397,1.6798323413809024,0.657697373805394,0.32725510374639466,-3.5741115259394567,11.0
,,0.05635374285334062,0.02804032781408741,0.0012893227864359386,0.08568339345386397,1.6843534266953542,0.657697373805394,0.32725510374639466,-3.5741115259394567,11.1
,,0.05635374285334062,0.02804032781408741,0.0012893227864359386,0.08568339345386397,1.6888745120098059,0.657697373805394,0.32725510374639466,-3.5741115259394567,11.2
,,0.05635374285334062,0.02804032781408741,0.0012893227864359386,0.08568339345386397,1.6933955973242578,0.657697373805394,0.32725510374639466,-3.5741115259394567,11.3
,,0.05144556275964826,0.022829032420199027,0.0007192177609640497,0.07499381294081134,1.7006253018200614,0.6859974275511439,0.3044122111542292,-3.779722201283425,11.4
,,0.05144556275964826,0.022829032420199027,0.0007192177609640497,0.07499381294081134,1.707855006315865,0.6859974275511439,0.3044122111542292,-3.779722201283425,11.5
,,0.05144556275964826,0.022829032420199027,0.0007192177609640497,0.07499381294081134,1.715084710811669,0.6859974275511439,0.3044122111542292,-3.779722201283425,11.6
,,0.05144556275964826,0.022829032420199027,0.0007192177609640497,0.07499381294081134,1.722314415307473,0.6859974275511439,0.3044122111542292,-3.779722201283425,11.7
,,0.05144556275964826,0.022829032420199027,0.0007192177609640497,0.07499381294081134,1.730349129247373,0.6859974275511439,0.3044122111542292,-3.779722201283425,11.8
,,0.05144556275964826,0.022829032420199027,0.0007192177609640497,0.07499381294081134,1.7383838431872731,0.6859974275511439,0.3044122111542292,-3.779722201283425,11.9
,,0.05108756383677582,0.022970867969010506,0.0008172303510660522,0.07487566215685237,1.7460907857206265,0.6822986584045915,0.306786842444081,-3.7735284759244947,12.0
,,0.05144556275964826,0.022829032420199027,0.0007192177609640497,0.07499381294081134,1.7541254996605267,0.6859974275511439,0.3044122111542292,-3.779722201283425,12.1
,,0.05523238180101174,0.02706176655309084,0.0011933667350722656,0.08348751508917485,1.759798657154004,0.6615645673729398,0.32414147821007216,-3.609633375551004,12.2
,,0.05523238180101174,0.02706176655309084,0.0011933667350722656,0.08348751508917485,1.7654718146474815,0.6615645673729398,0.32414147821007216,-3.609633375551004,12.3
,,0.05523238180101174,0.02706176655309084,0.0011933667350722656,0.08348751508917485,1.7711449721409591,0.6615645673729398,0.32414147821007216,-3.609633375551004,12.4
,,0.05523238180101174,0.02706176655309084,0.0011933667350722656,0.08348751508917485,1.7768181296344365,0.6615645673729398,0.32414147821007216,-3.609633375551004,12.5
,,0.05523238180101174,0.02706176655309084,0.0011933667350722656,0.08348751508917485,1.7829809650754262,0.6615645673729398,0.32414147821007216,-3.609633375551004,12.6
,,0.05523238180101174,0.02706176655309084,0.0011933667350722656,0.08348751508917485,1.7891438005164157,0.6615645673729398,0.32414147821007216,-3.609633375551004,12.7
,,0.05523238180101174,0.02706176655309084,0.0011933667350722656,0.08348751508917485,1.7953066359574053,0.6615645673729398,0.32414147821007216,-3.609633375551004,12.8
,,0.05497898775368558,0.02754345955187937,0.001525501084269497,0.08404794838983444,1.8009706567543247,0.6541383675265923,0.3277112657661343,-3.591990174403322,12.9
,,0.05497898775368558,0.02754345955187937,0.001525501084269497,0.08404794838983444,1.806634677551245,0.6541383675265923,0.3277112657661343,-3.591990174403322,13.0
,,0.0503603218044458,0.021634931160977047,0.0006098219397088911,0.07260507490513174,1.8159837049477388,0.6936198588080559,0.2979809770769603,-3.8334460871464016,13.1
,,0.0503603218044458,0.021634931160977047,0.0006098219397088911,0.07260507490513174,1.8253327323442325,0.6936198588080559,0.2979809770769603,-3.8334460871464016,13.2
,,0.0503603218044458,0.021634931160977047,0.0006098219397088911,0.07260507490513174,1.8346983751825467,0.6936198588080559,0.2979809770769603,-3.8334460871464016,13.3
,,0.0503603218044458,0.021634931160977047,0.0006098219397088911,0.07260507490513174,1.8441313948045028,0.6936198588080559,0.2979809770769603,-3.8334460871464016,13.4
,,0.05395894732453989,0.027026355033735457,0.0015797615418563884,0.08256506390013174,1.849884399781269,0.6535324358230623,0.3273340291533685,-3.6109427767051208,13.5
,,0.053897390929074473,0.027063313023892373,0.0015910308528450053,0.08255173480581185,1.8555818378743032,0.6528922869502188,0.3278345765543748,-3.609576231217396,13.6
,,0.053897390929074473,0.027063313023892373,0.0015910308528450053,0.08255173480581185,1.8612792759673378,0.6528922869502188,0.3278345765543748,-3.609576231217396,13.7
,,0.053897390929074473,0.027063313023892373,0.0015910308528450053,0.08255173480581185,1.866976714060372,0.6528922869502188,0.3278345765543748,-3.609576231217396,13.8
,,0.05310198585674644,0.026587780147942927,0.001340147819388276,0.08102991382407765,1.8727375199276386,0.6553380517229113,0.3281230214025292,-3.6273035616822225,13.9
,,0.05310198585674644,0.026587780147942927,0.001340147819388276,0.08102991382407765,1.8784983257949048,0.6553380517229113,0.3281230214025292,-3.6273035616822225,14.0
,,0.05310198585674644,0.026587780147942927,0.001340147819388276,0.08102991382407765,1.884259131662171,0.6553380517229113,0.3281230214025292,-3.6273035616822225,14.1
,,0.05310198585674644,0.026587780147942927,0.001340147819388276,0.08102991382407765,1.889693370219235,0.6553380517229113,0.3281230214025292,-3.6273035616822225,14.2
,,0.05310198585674644,0.026587780147942927,0.001340147819388276,0.08102991382407765,1.8951416309106517,0.6553380517229113,0.3281230214025292,-3.6273035616822225,14.3
,,0.05263954490134169,0.02667012533269379,0.0016569915251209392,0.08096666175915643,1.9003287157028104,0.6501385108098364,0.3293963805995459,-3.624211241410663,14.4
,,0.05263954490134169,0.02667012533269379,0.0016569915251209392,0.08096666175915643,1.9055158004949695,0.6501385108098364,0.3293963805995459,-3.624211241410663,14.5
,,0.05263954490134169,0.02667012533269379,0.0016569915251209392,0.08096666175915643,1.9107028852871282,0.6501385108098364,0.3293963805995459,-3.624211241410663,14.6
,,0.04863223072960371,0.021413250594411477,0.0005277040781983008,0.07057318540221348,1.9191944251092485,0.6891035235612079,0.3034190744313472,-3.8437453619165525,14.7
,,0.04863223072960371,0.021413250594411477,0.0005277040781983008,0.07057318540221348,1.9276859649313691,0.6891035235612079,0.3034190744313472,-3.8437453619165525,14.8
,,0.04863223072960371,0.021413250594411477,0.0005277040781983008,0.07057318540221348,1.9361775047534897,0.6891035235612079,0.3034190744313472,-3.8437453619165525,14.9
,,0.04863481264397892,0.02141474634951245,0.0005277686144767821,0.07057732760796816,1.944039893940221,0.6890996626300152,0.3034224598083922,-3.8436755125092343,15.0
,,0.05122548820988178,0.026314254079831022,0.001717046020364211,0.07925678831007701,1.948316228532239,0.6463230380907167,0.3320126217691479,-3.6376445063949405,15.1
,,0.05122548820988178,0.026314254079831022,0.001717046020364211,0.07925678831007701,1.9525925631242578,0.6463230380907167,0.3320126217691479,-3.6376445063949405,15.2
,,0.05122548820988178,0.026314254079831022,0.001717046020364211,0.07925678831007701,1.9568688977162763,0.6463230380907167,0.3320126217691479,-3.6376445063949405,15.3
,,0.05122548820988178,0.026314254079831022,0.001717046020364211,0.07925678831007701,1.961145232308295,0.6463230380907167,0.3320126217691479,-3.6376445063949405,15.4
,,0.05122548820988178,0.026314254079831022,0.001717046020364211,0.07925678831007701,1.9654215669003132,0.6463230380907167,0.3320126217691479,-3.6376445063949405,15.5
,,0.0501741356377752,0.026240639801507815,0.0014751114279424999,0.07788988686722552,1.9693134050357872,0.6441675248970924,0.3368940546317489,-3.640445932524088,15.6
,,0.0501741356377752,0.026240639801507815,0.0014751114279424999,0.07788988686722552,1.9727139179242184,0.6441675248970924,0.3368940546317489,-3.640445932524088,15.7
,,0.04971530583490722,0.025976233704851952,0.0017661286178383263,0.0774576681575975,1.9761344213644916,0.6418384004764396,0.3353603887480836,-3.650573247269033,15.8
,,0.04971530583490722,0.025976233704851952,0.0017661286178383263,0.0774576681575975,1.9792295792547439,0.6418384004764396,0.3353603887480836,-3.650573247269033,15.9
,,0.04971530583490722,0.025976233704851952,0.0017661286178383263,0.0774576681575975,1.982324737144996,0.6418384004764396,0.3353603887480836,-3.650573247269033,16.0
,,0.04971530583490722,0.025976233704851952,0.0017661286178383263,0.0774576681575975,1.9854198950352477,0.6418384004764396,0.3353603887480836,-3.650573247269033,16.1
,,0.04971530583490722,0.025976233704851952,0.0017661286178383263,0.0774576681575975,1.9885150529255002,0.6418384004764396,0.3353603887480836,-3.650573247269033,16.2
,,0.04971530583490722,0.025976233704851952,0.0017661286178383263,0.0774576681575975,1.9916102108157523,0.6418384004764396,0.3353603887480836,-3.650573247269033,16.3
,,0.048521093337061304,0.025749111965728922,0.0018455861850906596,0.07611579148788089,1.9943776208265278,0.6374642158820197,0.3382886975540244,-3.659355139234883,16.4
,,0.048521093337061304,0.025749111965728922,0.0018455861850906596,0.07611579148788089,1.996017158035244,0.6374642158820197,0.3382886975540244,-3.659355139234883,16.5
,,0.04561432116536283,0.02200673782888606,0.0005520718539657238,0.06817313084821461,1.9997496300842468,0.6690952960180414,0.3228066183124755,-3.816406607563991,16.6
,,0.04561432116536283,0.02200673782888606,0.0005520718539657238,0.06817313084821461,2.0036740967076834,0.6690952960180414,0.3228066183124755,-3.816406607563991,16.7
,,0.04561432116536283,0.02200673782888606,0.0005520718539657238,0.06817313084821461,2.0075985633311193,0.6690952960180414,0.3228066183124755,-3.816406607563991,16.8
,,0.04561432116536283,0.02200673782888606,0.0005520718539657238,0.06817313084821461,2.0115230299545552,0.6690952960180414,0.3228066183124755,-3.816406607563991,16.9
,,0.04561432116536283,0.02200673782888606,0.0005520718539657238,0.06817313084821461,2.0154474965779916,0.6690952960180414,0.3228066183124755,-3.816406607563991,17.0
,,0.04561432116536283,0.02200673782888606,0.0005520718539657238,0.06817313084821461,2.0193719632014275,0.6690952960180414,0.3228066183124755,-3.816406607563991,17.1
,,0.027267197870779223,0.022377511345742847,0.0005704220186757835,0.05021513123519786,2.013804935654228,0.5430075995035242,0.445632836065507,-3.7996987822036523,17.2
,,0.04678662694090792,0.025513751136242015,0.001837793359021265,0.0741381714361712,2.013583286741691,0.6310733868205608,0.3441378529035872,-3.668537711921526,17.3
,,0.04678662694090792,0.025513751136242015,0.001837793359021265,0.0741381714361712,2.0135627000160072,0.6310733868205608,0.3441378529035872,-3.668537711921526,17.4
,,0.04678662694090792,0.025513751136242015,0.001837793359021265,0.0741381714361712,2.013542113290323,0.6310733868205608,0.3441378529035872,-3.668537711921526,17.5
,,0.04678662694090792,0.025513751136242015,0.001837793359021265,0.0741381714361712,2.013521526564639,0.6310733868205608,0.3441378529035872,-3.668537711921526,17.6
,,0.04678662694090792,0.025513751136242015,0.001837793359021265,0.0741381714361712,2.0135009398389547,0.6310733868205608,0.3441378529035872,-3.668537711921526,17.7
,,0.04678662694090792,0.025513751136242015,0.001837793359021265,0.0741381714361712,2.013480353113271,0.6310733868205608,0.3441378529035872,-3.668537711921526,17.8
,,0.046759008179644644,0.025345736817830148,0.0018130006024960218,0.07391774559997082,2.0135827249005325,0.6325816324634108,0.3428910962057284,-3.6751447359542477,17.9
,,0.045855687582634724,0.025553913328700776,0.0019541386009724665,0.07336373951230796,2.0131253327071637,0.6250456681661066,0.34831803147675827,-3.66696481051083,18.0
,,0.04592631233206633,0.025587269273330344,0.001868413271499585,0.07338199487689626,2.011625070928833,0.6258526006156023,0.34868593196811953,-3.6656603451988294,18.1
,,0.04592631233206633,0.025587269273330344,0.001868413271499585,0.07338199487689626,2.0098568646302177,0.6258526006156023,0.34868593196811953,-3.6656603451988294,18.2
,,0.04592631233206633,0.025587269273330344,0.001868413271499585,0.07338199487689626,2.0080886583316033,0.6258526006156023,0.34868593196811953,-3.6656603451988294,18.3
,,0.04592631233206633,0.025587269273330344,0.001868413271499585,0.07338199487689626,2.006320452032988,0.6258526006156023,0.34868593196811953,-3.6656603451988294,18.4
,,0.04592631233206633,0.025587269273330344,0.001868413271499585,0.07338199487689626,2.004552245734373,0.6258526006156023,0.34868593196811953,-3.6656603451988294,18.5
,,0.04592631233206633,0.025587269273330344,0.001868413271499585,0.07338199487689626,2.002784039435758,0.6258526006156023,0.34868593196811953,-3.6656603451988294,18.6
,,0.04592631233206633,0.025587269273330344,0.001868413271499585,0.07338199487689626,2.001015833137143,0.6258526006156023,0.34868593196811953,-3.6656603451988294,18.7
,,0.04272616013302228,0.023967699118761142,0.0006186658976980815,0.06731252514948151,1.9974472560613539,0.6347430888700123,0.3560659634375009,-3.731048225182351,18.8
,,0.04272616013302228,0.023967699118761142,0.0006186658976980815,0.06731252514948151,1.9955284550843662,0.6347430888700123,0.3560659634375009,-3.731048225182351,18.9
,,0.04272616013302228,0.023967699118761142,0.0006186658976980815,0.06731252514948151,1.9936096541073784,0.6347430888700123,0.3560659634375009,-3.731048225182351,19.0
,,0.04272616013302228,0.023967699118761142,0.0006186658976980815,0.06731252514948151,1.9916908531303907,0.6347430888700123,0.3560659634375009,-3.731048225182351,19.1
,,0.04272616013302228,0.023967699118761142,0.0006186658976980815,0.06731252514948151,1.9897720521534024,0.6347430888700123,0.3560659634375009,-3.731048225182351,19.2
,,0.04272616013302228,0.023967699118761142,0.0006186658976980815,0.06731252514948151,1.9878532511764149,0.6347430888700123,0.3560659634375009,-3.731048225182351,19.3
,,0.04272616013302228,0.023967699118761142,0.0006186658976980815,0.06731252514948151,1.985934450199427,0.6347430888700123,0.3560659634375009,-3.731048225182351,19.4
,,0.04272616013302228,0.023967699118761142,0.0006186658976980815,0.06731252514948151,1.9840156492224388,0.6347430888700123,0.3560659634375009,-3.731048225182351,19.5
,,0.030051261301368898,0.026261841924428674,0.001853271468428497,0.058166374694226065,1.974399589792457,0.5166431887726357,0.45149525069224533,-3.639638270738343,19.6
,,0.0430622472751445,0.025229073229726846,0.00057210047655138,0.06886342098142273,1.9710341570793504,0.6253283188873436,0.36636392543630514,-3.6797582498723744,19.7
,,0.0430622472751445,0.025229073229726846,0.00057210047655138,0.06886342098142273,1.9676687243662432,0.6253283188873436,0.36636392543630514,-3.6797582498723744,19.8
,,0.0430622472751445,0.025229073229726846,0.00057210047655138,0.06886342098142273,1.964303291653136,0.6253283188873436,0.36636392543630514,-3.6797582498723744,19.9
,,0.0430622472751445,0.025229073229726846,0.00057210047655138,0.06886342098142273,1.9609378589400288,0.6253283188873436,0.36636392543630514,-3.6797582498723744,20.0
,,0.0430622472751445,0.025229073229726846,0.00057210047655138,0.06886342098142273,1.957572426226922,0.6253283188873436,0.36636392543630514,-3.6797582498723744,20.1
,,0.0430622472751445,0.025229073229726846,0.00057210047655138,0.06886342098142273,1.9542069935138149,0.6253283188873436,0.36636392543630514,-3.6797582498723744,20.2
,,0.04721863565786468,0.027513983501780758,0.0019057525589403963,0.07663837171858583,1.950945099649446,0.6161226367289003,0.35901054373664687,-3.593060912573492,20.3
,,0.04721863565786468,0.027513983501780758,0.0019057525589403963,0.07663837171858583,1.9449745866037251,0.6161226367289003,0.35901054373664687,-3.593060912573492,20.4
,,0.04351963687122075,0.026426916279242672,0.0006639622599414033,0.07061051541040482,1.9382332230736141,0.6163336525484122,0.3742631834032546,-3.633372232192194,20.5
,,0.04351963687122075,0.026426916279242672,0.0006639622599414033,0.07061051541040482,1.9314918595435027,0.6163336525484122,0.3742631834032546,-3.633372232192194,20.6
,,0.04351963687122075,0.026426916279242672,0.0006639622599414033,0.07061051541040482,1.9247504960133912,0.6163336525484122,0.3742631834032546,-3.633372232192194,20.7
,,0.04351963687122075,0.026426916279242672,0.0006639622599414033,0.07061051541040482,1.9180091324832798,0.6163336525484122,0.3742631834032546,-3.633372232192194,20.8
,,0.04880688405644695,0.029172445992119052,0.0019898165082837104,0.07996914655684971,1.9115594942159435,0.6103214321757249,0.36479626516184577,-3.534530645614235,20.9
,,0.04351963687122075,0.026426916279242672,0.0006639622599414033,0.07061051541040482,1.9051459020923789,0.6163336525484122,0.3742631834032546,-3.633372232192194,21.0
,,0.04152809770092975,0.025370434525702666,0.0008249056249395774,0.06772343785157199,1.898294290650623,0.6132012641169515,0.3746182315981434,-3.674170777977114,21.1
,,0.04152809770092975,0.025370434525702666,0.0008249056249395774,0.06772343785157199,1.8938042356552902,0.6132012641169515,0.3746182315981434,-3.674170777977114,21.2
,,0.03360827991991819,0.030480501766300894,0.0017177175843200373,0.06580649927053911,1.8833780242096583,0.5107136877430626,0.46318376002637024,-3.4906680861502117,21.3
,,0.03360827991991819,0.030480501766300894,0.0017177175843200373,0.06580649927053911,1.8729518127640268,0.5107136877430626,0.46318376002637024,-3.4906680861502117,21.4
,,0.03360827991991819,0.030480501766300894,0.0017177175843200373,0.06580649927053911,1.8625256013183948,0.5107136877430626,0.46318376002637024,-3.4906680861502117,21.5
,,0.03360827991991819,0.030480501766300894,0.0017177175843200373,0.06580649927053911,1.8520993898727631,0.5107136877430626,0.46318376002637024,-3.4906680861502117,21.6
,,0.03360827991991819,0.030480501766300894,0.0017177175843200373,0.06580649927053911,1.8416731784271314,0.5107136877430626,0.46318376002637024,-3.4906680861502117,21.7
,,0.03495482942136806,0.03193415668397996,0.0020750764878830763,0.0689640625932311,1.8311577997470307,0.5068557174124326,0.463055038858954,-3.4440790995826465,21.8
,,0.03495482942136806,0.03193415668397996,0.0020750764878830763,0.0689640625932311,1.8211412357110002,0.5068557174124326,0.463055038858954,-3.4440790995826465,21.9
,,0.03495482942136806,0.03193415668397996,0.0020750764878830763,0.0689640625932311,1.8111246716749694,0.5068557174124326,0.463055038858954,-3.4440790995826465,22.0
,,0.051091222191307205,0.03166121615387318,0.0017207996074284845,0.08447323795260886,1.8031908134085417,0.6048214017789916,0.37480765413107214,-3.4526628123209404,22.1
,,0.051091222191307205,0.03166121615387318,0.0017207996074284845,0.08447323795260886,1.795256955142114,0.6048214017789916,0.37480765413107214,-3.4526628123209404,22.2
,,0.051091222191307205,0.03166121615387318,0.0017207996074284845,0.08447323795260886,1.7873230968756866,0.6048214017789916,0.37480765413107214,-3.4526628123209404,22.3
,,0.051091222191307205,0.03166121615387318,0.0017207996074284845,0.08447323795260886,1.7793892386092591,0.6048214017789916,0.37480765413107214,-3.4526628123209404,22.4
,,0.037044397481539246,0.023927940325892523,0.0010009554962034713,0.06197329330363524,1.7744073965380007,0.5977477637026962,0.3861008355431218,-3.732708451560453,22.5
,,0.037044397481539246,0.023927940325892523,0.0010009554962034713,0.06197329330363524,1.769481121350474,0.5977477637026962,0.3861008355431218,-3.732708451560453,22.6
,,0.037044397481539246,0.023927940325892523,0.0010009554962034713,0.06197329330363524,1.764554846162947,0.5977477637026962,0.3861008355431218,-3.732708451560453,22.7
,,0.037044397481539246,0.023927940325892523,0.0010009554962034713,0.06197329330363524,1.7596285709754205,0.5977477637026962,0.3861008355431218,-3.732708451560453,22.8
,,0.04620842741734189,0.029477216713224126,0.0015403219544660772,0.07722596608503209,1.7548548518294875,0.5983535041369717,0.38170084762380707,-3.5241376288310478,22.9
,,0.04620842741734189,0.029477216713224126,0.0015403219544660772,0.07722596608503209,1.750081132683555,0.5983535041369717,0.38170084762380707,-3.5241376288310478,23.0
,,0.0413942599116002,0.027416478813790546,0.0016755615843664867,0.07048630030975724,1.744665561604012,0.587266741617734,0.388961808086207,-3.5966110298048757,23.1
,,0.04620842741734189,0.029477216713224126,0.0015403219544660772,0.07722596608503209,1.7398918424580792,0.5983535041369717,0.38170084762380707,-3.5241376288310478,23.2
,,0.04135122819931473,0.027609426613928078,0.0016647258901646865,0.07062538070340749,1.7343417157431278,0.5855009599589973,0.3909278270636776,-3.5895980205890003,23.3
,,0.04135122819931473,0.027609426613928078,0.0016647258901646865,0.07062538070340749,1.7290527649274348,0.5855009599589973,0.3909278270636776,-3.5895980205890003,23.4
,,0.04135122819931473,0.027609426613928078,0.0016647258901646865,0.07062538070340749,1.7237638141117417,0.5855009599589973,0.3909278270636776,-3.5895980205890003,23.5
,,0.04135122819931473,0.027609426613928078,0.0016647258901646865,0.07062538070340749,1.7184748632960485,0.5855009599589973,0.3909278270636776,-3.5895980205890003,23.6
,,0.04135122819931473,0.027609426613928078,0.0016647258901646865,0.07062538070340749,1.7098814574503935,0.5855009599589973,0.3909278270636776,-3.5895980205890003,23.7
,,0.04280907703562446,0.028330699530799808,0.0014221997306121483,0.07256197629703642,1.7014361371259294,0.589965698568947,0.3904345082171761,-3.5638092732172457,23.8
,,0.04280907703562446,0.028330699530799808,0.0014221997306121483,0.07256197629703642,1.6929908168014653,0.589965698568947,0.3904345082171761,-3.5638092732172457,23.9
,,0.038072496788322335,0.02662935101615612,0.0015493582977539463,0.06625120610223241,1.6836422552306225,0.5746687347785422,0.40194515062962477,-3.6257412498567096,24.0
,,0.038072496788322335,0.02662935101615612,0.0015493582977539463,0.06625120610223241,1.6778982236465307,0.5746687347785422,0.40194515062962477,-3.6257412498567096,24.1
,,0.038072496788322335,0.02662935101615612,0.0015493582977539463,0.06625120610223241,1.6721541920624383,0.5746687347785422,0.40194515062962477,-3.6257412498567096,24.2
,,0.038072496788322335,0.02662935101615612,0.0015493582977539463,0.06625120610223241,1.666410160478346,0.5746687347785422,0.40194515062962477,-3.6257412498567096,24.3
,,0.038072496788322335,0.02662935101615612,0.0015493582977539463,0.06625120610223241,1.6606661288942535,0.5746687347785422,0.40194515062962477,-3.6257412498567096,24.4
,,0.038072496788322335,0.02662935101615612,0.0015493582977539463,0.06625120610223241,1.6549220973101613,0.5746687347785422,0.40194515062962477,-3.6257412498567096,24.5
,,0.03987124306014819,0.027601041909896935,0.001337434559920712,0.06880971952996583,1.6497274114581153,0.5794420226169463,0.4011212674377637,-3.589901756612975,24.6
,,0.03987124306014819,0.027601041909896935,0.001337434559920712,0.06880971952996583,1.6445327256060691,0.5794420226169463,0.4011212674377637,-3.589901756612975,24.7
,,0.03543020477908204,0.026068911716224084,0.001478728546805042,0.06297784504211117,1.638368518518449,0.5625820438186009,0.41393781731960944,-3.647011796586845,24.8
,,0.03543020477908204,0.026068911716224084,0.001478728546805042,0.06297784504211117,1.632204311430828,0.5625820438186009,0.41393781731960944,-3.647011796586845,24.9
,,0.03543020477908204,0.026068911716224084,0.001478728546805042,0.06297784504211117,1.6260401043432078,0.5625820438186009,0.41393781731960944,-3.647011796586845,25.0
,,0.03543020477908204,0.026068911716224084,0.001478728546805042,0.06297784504211117,1.6198758972555873,0.5625820438186009,0.41393781731960944,-3.647011796586845,25.1
,,0.03543020477908204,0.026068911716224084,0.001478728546805042,0.06297784504211117,1.6137116901679667,0.5625820438186009,0.41393781731960944,-3.647011796586845,25.2
,,0.03672959637001337,0.026727344750560003,0.0012697380610762572,0.06472667918164964,1.6077156490125193,0.5674568328607597,0.4129262475454998,-3.6220680896966133,25.3
,,0.03672959637001337,0.026727344750560003,0.0012697380610762572,0.06472667918164964,1.602047355736548,0.5674568328607597,0.4129262475454998,-3.6220680896966133,25.4
,,0.03672959637001337,0.026727344750560003,0.0012697380610762572,0.06472667918164964,1.596379062460577,0.5674568328607597,0.4129262475454998,-3.6220680896966133,25.5
,,0.03259096686614979,0.025261893455160004,0.0014215016736365818,0.05927436199494637,1.5876832874675288,0.5498324363057411,0.4261858349030191,-3.6784582062324707,25.6
,,0.03259096686614979,0.025261893455160004,0.0014215016736365818,0.05927436199494637,1.5789875124744808,0.5498324363057411,0.4261858349030191,-3.6784582062324707,25.7
,,0.03259096686614979,0.025261893455160004,0.0014215016736365818,0.05927436199494637,1.5702917374814325,0.5498324363057411,0.4261858349030191,-3.6784582062324707,25.8
,,0.03259096686614979,0.025261893455160004,0.0014215016736365818,0.05927436199494637,1.5615959624883844,0.5498324363057411,0.4261858349030191,-3.6784582062324707,25.9
,,0.03326015241845346,0.02549611115269721,0.001212834365729152,0.05996909793687982,1.553060131606463,0.5546215227959785,0.4251541548871223,-3.6692293422634417,26.0
,,0.03326015241845346,0.02549611115269721,0.001212834365729152,0.05996909793687982,1.544524300724542,0.5546215227959785,0.4251541548871223,-3.6692293422634417,26.1
,,0.03326015241845346,0.02549611115269721,0.001212834365729152,0.05996909793687982,1.5454799640132566,0.5546215227959785,0.4251541548871223,-3.6692293422634417,26.2
,,0.03326015241845346,0.02549611115269721,0.001212834365729152,0.05996909793687982,1.5395992734341586,0.5546215227959785,0.4251541548871223,-3.6692293422634417,26.3
,,0.022911435734492527,0.024077283576764398,0.0013714075131616402,0.048360126824418564,1.529797030442605,0.4737670729788867,0.49787469880263036,-3.7264864731787526,26.4
,,0.022911435734492527,0.024077283576764398,0.0013714075131616402,0.048360126824418564,1.519994787451051,0.4737670729788867,0.49787469880263036,-3.7264864731787526,26.5
,,0.022911435734492527,0.024077283576764398,0.0013714075131616402,0.048360126824418564,1.5101925444594975,0.4737670729788867,0.49787469880263036,-3.7264864731787526,26.6
,,0.022911435734492527,0.024077283576764398,0.0013714075131616402,0.048360126824418564,1.5003903014679438,0.4737670729788867,0.49787469880263036,-3.7264864731787526,26.7
,,0.0488369678678258,0.034450463775427966,0.0019151890875655892,0.08520262073081936,1.4957660672794821,0.5731862171483719,0.40433572911175253,-3.3682328193365114,26.8
,,0.0488369678678258,0.034450463775427966,0.0019151890875655892,0.08520262073081936,1.4910188745780752,0.5731862171483719,0.40433572911175253,-3.3682328193365114,26.9
,,0.0488369678678258,0.034450463775427966,0.0019151890875655892,0.08520262073081936,1.4868314458572987,0.5731862171483719,0.40433572911175253,-3.3682328193365114,27.0
,,0.0488369678678258,0.034450463775427966,0.0019151890875655892,0.08520262073081936,1.4826393409552034,0.5731862171483719,0.40433572911175253,-3.3682328193365114,27.1
,,0.026906700268142455,0.022854965746279973,0.0013494185239335032,0.05111108453835594,1.475777019932175,0.5264357137237133,0.44716260577739514,-3.778586865940311,27.2
,,0.026906700268142455,0.022854965746279973,0.0013494185239335032,0.05111108453835594,1.4689146989091462,0.5264357137237133,0.44716260577739514,-3.778586865940311,27.3
,,0.026906700268142455,0.022854965746279973,0.0013494185239335032,0.05111108453835594,1.4620523778861179,0.5264357137237133,0.44716260577739514,-3.778586865940311,27.4
,,0.027378076420444656,0.022934416850058554,0.0011663615960580593,0.05147885486656127,1.4553731101986465,0.5318314964738741,0.4455114028761329,-3.775116577458191,27.5
,,0.027378076420444656,0.022934416850058554,0.0011663615960580593,0.05147885486656127,1.4486938425111757,0.5318314964738741,0.4455114028761329,-3.775116577458191,27.6
,,0.027378076420444656,0.022934416850058554,0.0011663615960580593,0.05147885486656127,1.4420145748237043,0.5318314964738741,0.4455114028761329,-3.775116577458191,27.7
,,0.025929361172378155,0.022401423164342595,0.0013883103331289643,0.049719094669849716,1.435068256282567,0.5215171624615692,0.45055975602723713,-3.7986307880169123,27.8
,,0.027378076420444656,0.022934416850058554,0.0011663615960580593,0.05147885486656127,1.4285249137918792,0.5318314964738741,0.4455114028761329,-3.775116577458191,27.9
,,0.025414258230417396,0.022068716279774466,0.0013689407357003627,0.04885191524589222,1.4215131436398163,0.5202305396317985,0.45174720722193473,-3.8135942262513858,28.0
,,0.025414258230417396,0.022068716279774466,0.0013689407357003627,0.04885191524589222,1.4145013734877532,0.5202305396317985,0.45174720722193473,-3.8135942262513858,28.1
,,0.025414258230417396,0.022068716279774466,0.0013689407357003627,0.04885191524589222,1.4074896033356898,0.5202305396317985,0.45174720722193473,-3.8135942262513858,28.2
,,0.025882091718067435,0.022139857290296033,0.0011888506995594505,0.04921079970792292,1.4006715048842233,0.5259433269055457,0.44989834389404415,-3.8103757975085073,28.3
,,0.025882091718067435,0.022139857290296033,0.0011888506995594505,0.04921079970792292,1.3938534064327572,0.5259433269055457,0.44989834389404415,-3.8103757975085073,28.4
,,0.025882091718067435,0.022139857290296033,0.0011888506995594505,0.04921079970792292,1.3870353079812907,0.5259433269055457,0.44989834389404415,-3.8103757975085073,28.5
,,0.025882091718067435,0.022139857290296033,0.0011888506995594505,0.04921079970792292,1.3873101223732687,0.5259433269055457,0.44989834389404415,-3.8103757975085073,28.6
,,0.024845008471581907,0.021704619920562808,0.001423436211738766,0.04797306460388348,1.3810638714675725,0.5178949620318956,0.45243346656669065,-3.830230141530513,28.7
,,0.024845008471581907,0.021704619920562808,0.001423436211738766,0.04797306460388348,1.3748176205618763,0.5178949620318956,0.45243346656669065,-3.830230141530513,28.8
,,0.024845008471581907,0.021704619920562808,0.001423436211738766,0.04797306460388348,1.3685713696561796,0.5178949620318956,0.45243346656669065,-3.830230141530513,28.9
,,0.024845008471581907,0.021704619920562808,0.001423436211738766,0.04797306460388348,1.3623251187504837,0.5178949620318956,0.45243346656669065,-3.830230141530513,29.0
,,0.0255772126935328,0.021938514784901615,0.0012496994265457128,0.048765426904980126,1.3563141049175116,0.5244947971719848,0.4498784523643976,-3.8195115208247077,29.1
,,0.0255772126935328,0.021938514784901615,0.0012496994265457128,0.048765426904980126,1.3503030910845395,0.5244947971719848,0.4498784523643976,-3.8195115208247077,29.2
,,0.0255772126935328,0.021938514784901615,0.0012496994265457128,0.048765426904980126,1.3441885384028291,0.5244947971719848,0.4498784523643976,-3.8195115208247077,29.3
,,0.0255772126935328,0.021938514784901615,0.0012496994265457128,0.048765426904980126,1.3380739857211188,0.5244947971719848,0.4498784523643976,-3.8195115208247077,29.4
,,0.025022162100901472,0.021595175229539822,0.0015015770602862851,0.04811891439072758,1.3326506540515375,0.5200067877201152,0.44878766495407824,-3.835285358245375,29.5
,,0.025022162100901472,0.021595175229539822,0.0015015770602862851,0.04811891439072758,1.3272273223819564,0.5200067877201152,0.44878766495407824,-3.835285358245375,29.6
,,0.025022162100901472,0.021595175229539822,0.0015015770602862851,0.04811891439072758,1.321803990712375,0.5200067877201152,0.44878766495407824,-3.835285358245375,29.7
,,0.025022162100901472,0.021595175229539822,0.0015015770602862851,0.04811891439072758,1.3163806590427938,0.5200067877201152,0.44878766495407824,-3.835285358245375,29.8
,,0.02602110909967823,0.02197746614987402,0.0013309576138800456,0.0493295328634323,1.310946692786413,0.5274955506211073,0.44552350030798266,-3.817737616457439,29.9
,,0.02602110909967823,0.02197746614987402,0.0013309576138800456,0.0493295328634323,1.3058044517928076,0.5274955506211073,0.44552350030798266,-3.817737616457439,30.0
,,0.02602110909967823,0.02197746614987402,0.0013309576138800456,0.0493295328634323,1.3007724587108465,0.5274955506211073,0.44552350030798266,-3.817737616457439,30.1
,,0.02602110909967823,0.02197746614987402,0.0013309576138800456,0.0493295328634323,1.2957404656288851,0.5274955506211073,0.44552350030798266,-3.817737616457439,30.2
,,0.025998818347380933,0.021818921322706242,0.0016051194706717673,0.049422859140758946,1.2967288702541881,0.5260484480133961,0.4414742833992017,-3.8249777350555343,30.3
,,0.025998818347380933,0.021818921322706242,0.0016051194706717673,0.049422859140758946,1.2977172748794912,0.5260484480133961,0.4414742833992017,-3.8249777350555343,30.4
,,0.025998818347380933,0.021818921322706242,0.0016051194706717673,0.049422859140758946,1.2987056795047942,0.5260484480133961,0.4414742833992017,-3.8249777350555343,30.5
,,0.025998818347380933,0.021818921322706242,0.0016051194706717673,0.049422859140758946,1.2996940841300972,0.5260484480133961,0.4414742833992017,-3.8249777350555343,30.6
,,0.027112907254802733,0.021928434956235098,0.0017104278281507765,0.050751770039188605,1.301180875397046,0.5342258454013952,0.43207231864628143,-3.8199710845237296,30.7
,,0.027112907254802733,0.021928434956235098,0.0017104278281507765,0.050751770039188605,1.3027568338984636,0.5342258454013952,0.43207231864628143,-3.8199710845237296,30.8
,,0.027112907254802733,0.021928434956235098,0.0017104278281507765,0.050751770039188605,1.3043327923998813,0.5342258454013952,0.43207231864628143,-3.8199710845237296,30.9
,,0.027112907254802733,0.021928434956235098,0.0017104278281507765,0.050751770039188605,1.305908750901299,0.5342258454013952,0.43207231864628143,-3.8199710845237296,31.0
,,0.027446213880662318,0.02212825693628879,0.0017074750519457285,0.05128194586889683,1.3017603008163265,0.5352022708114281,0.4315018972341661,-3.810899892761962,31.1
,,0.027446213880662318,0.02212825693628879,0.0017074750519457285,0.05128194586889683,1.2976118507313543,0.5352022708114281,0.4315018972341661,-3.810899892761962,31.2
,,0.027446213880662318,0.02212825693628879,0.0017074750519457285,0.05128194586889683,1.293463400646382,0.5352022708114281,0.4315018972341661,-3.810899892761962,31.3
,,0.027446213880662318,0.02212825693628879,0.0017074750519457285,0.05128194586889683,1.2893149505614097,0.5352022708114281,0.4315018972341661,-3.810899892761962,31.4
,,0.027446213880662318,0.02212825693628879,0.0017074750519457285,0.05128194586889683,1.285894498926458,0.5352022708114281,0.4315018972341661,-3.810899892761962,31.5
,,0.05140424215699601,0.03261318012688443,0.0028852709451877984,0.08690269322906824,1.2862057777179763,0.5915149490418982,0.375283882640079,-3.4230387739453514,31.6
,,0.051245318538632866,0.032235638993115906,0.002794346444387817,0.0862753039761366,1.2866673901768881,0.5939743608762841,0.3736369216622193,-3.4346826374560164,31.7
,,0.02934106214211404,0.0225900535376883,0.0018075380158769634,0.0537386536956793,1.2838972103440562,0.545995482288629,0.42036880316383113,-3.790245578532112,31.8
,,0.02934106214211404,0.0225900535376883,0.0018075380158769634,0.0537386536956793,1.2809111066953982,0.545995482288629,0.42036880316383113,-3.790245578532112,31.9
,,0.02934106214211404,0.0225900535376883,0.0018075380158769634,0.0537386536956793,1.2779250030467402,0.545995482288629,0.42036880316383113,-3.790245578532112,32.0
,,0.02934106214211404,0.0225900535376883,0.0018075380158769634,0.0537386536956793,1.2755807513316926,0.545995482288629,0.42036880316383113,-3.790245578532112,32.1
,,0.02934106214211404,0.0225900535376883,0.0018075380158769634,0.0537386536956793,1.2725946476830345,0.545995482288629,0.42036880316383113,-3.790245578532112,32.2
,,0.02934106214211404,0.0225900535376883,0.0018075380158769634,0.0537386536956793,1.2703849516033952,0.545995482288629,0.42036880316383113,-3.790245578532112,32.3
,,0.030615311632401672,0.02255627285921404,0.0019168342509467838,0.0550884187425625,1.2688245577720785,0.5557486007262652,0.4094558053049829,-3.7917420761421994,32.4
,,0.030615311632401672,0.02255627285921404,0.0019168342509467838,0.0550884187425625,1.267264163940762,0.5557486007262652,0.4094558053049829,-3.7917420761421994,32.5
,,0.03208191117266353,0.023560080540717825,0.0019352024445902383,0.05757719415797159,1.26575288591236,0.5571982386748828,0.4091911890683183,-3.748201501668184,32.6
,,0.03208191117266353,0.023560080540717825,0.0019352024445902383,0.05757719415797159,1.2642416078839582,0.5571982386748828,0.4091911890683183,-3.748201501668184,32.7
,,0.03208191117266353,0.023560080540717825,0.0019352024445902383,0.05757719415797159,1.2625822443343655,0.5571982386748828,0.4091911890683183,-3.748201501668184,32.8
,,0.03208191117266353,0.023560080540717825,0.0019352024445902383,0.05757719415797159,1.2609228807847725,0.5571982386748828,0.4091911890683183,-3.748201501668184,32.9
,,0.03208191117266353,0.023560080540717825,0.0019352024445902383,0.05757719415797159,1.2601671814179283,0.5571982386748828,0.4091911890683183,-3.748201501668184,33.0
,,0.03208191117266353,0.023560080540717825,0.0019352024445902383,0.05757719415797159,1.259411482051084,0.5571982386748828,0.4091911890683183,-3.748201501668184,33.1
,,0.03534811766672501,0.03002806871816574,0.002675637910588418,0.06805182429547917,1.256605369969921,0.5194293912422456,0.44125295727245584,-3.50562271080438,33.2
,,0.03534811766672501,0.03002806871816574,0.002675637910588418,0.06805182429547917,1.253799257888758,0.5194293912422456,0.44125295727245584,-3.50562271080438,33.3
,,0.03554350742798305,0.024959445026989616,0.0020824922614163695,0.06258544471638904,1.2537362701289139,0.5679197070349392,0.39880590671034366,-3.6905029702237084,33.4
,,0.03554350742798305,0.024959445026989616,0.0020824922614163695,0.06258544471638904,1.25367328236907,0.5679197070349392,0.39880590671034366,-3.6905029702237084,33.5
,,0.03554350742798305,0.024959445026989616,0.0020824922614163695,0.06258544471638904,1.2534454453337238,0.5679197070349392,0.39880590671034366,-3.6905029702237084,33.6
,,0.03554350742798305,0.024959445026989616,0.0020824922614163695,0.06258544471638904,1.2532176082983781,0.5679197070349392,0.39880590671034366,-3.6905029702237084,33.7
,,0.03554350742798305,0.024959445026989616,0.0020824922614163695,0.06258544471638904,1.2539393019467648,0.5679197070349392,0.39880590671034366,-3.6905029702237084,33.8
,,0.03554350742798305,0.024959445026989616,0.0020824922614163695,0.06258544471638904,1.2546609955951515,0.5679197070349392,0.39880590671034366,-3.6905029702237084,33.9
,,0.03554350742798305,0.024959445026989616,0.0020824922614163695,0.06258544471638904,1.2553826892435385,0.5679197070349392,0.39880590671034366,-3.6905029702237084,34.0
,,0.039727189897715585,0.02693209597277819,0.0022570224915888586,0.06891630836208264,1.2566714584990748,0.5764555711398677,0.39079423452687545,-3.614436544783315,34.1
,,0.039727189897715585,0.02693209597277819,0.0022570224915888586,0.06891630836208264,1.2579602277546116,0.5764555711398677,0.39079423452687545,-3.614436544783315,34.2
,,0.039727189897715585,0.02693209597277819,0.0022570224915888586,0.06891630836208264,1.2590808310779753,0.5764555711398677,0.39079423452687545,-3.614436544783315,34.3
,,0.039727189897715585,0.02693209597277819,0.0022570224915888586,0.06891630836208264,1.260201434401339,0.5764555711398677,0.39079423452687545,-3.614436544783315,34.4
,,0.039727189897715585,0.02693209597277819,0.0022570224915888586,0.06891630836208264,1.261322037724703,0.5764555711398677,0.39079423452687545,-3.614436544783315,34.5
,,0.039727189897715585,0.02693209597277819,0.0022570224915888586,0.06891630836208264,1.2633771879248568,0.5764555711398677,0.39079423452687545,-3.614436544783315,34.6
,,0.039727189897715585,0.02693209597277819,0.0022570224915888586,0.06891630836208264,1.2654323381250108,0.5764555711398677,0.39079423452687545,-3.614436544783315,34.7
,,0.039727189897715585,0.02693209597277819,0.0022570224915888586,0.06891630836208264,1.2674874883251646,0.5764555711398677,0.39079423452687545,-3.614436544783315,34.8
,,0.04422141212954032,0.029341339851512886,0.0024435324318611415,0.07600628441291435,1.2698987449009753,0.5818125760404437,0.38603833983137653,-3.5287578409325797,34.9
,,0.04422141212954032,0.029341339851512886,0.0024435324318611415,0.07600628441291435,1.272150057365659,0.5818125760404437,0.38603833983137653,-3.5287578409325797,35.0
,,0.04422141212954032,0.029341339851512886,0.0024435324318611415,0.07600628441291435,1.2744013698303427,0.5818125760404437,0.38603833983137653,-3.5287578409325797,35.1
,,0.04422141212954032,0.029341339851512886,0.0024435324318611415,0.07600628441291435,1.2766526822950266,0.5818125760404437,0.38603833983137653,-3.5287578409325797,35.2
,,0.04422141212954032,0.029341339851512886,0.0024435324318611415,0.07600628441291435,1.2789039947597103,0.5818125760404437,0.38603833983137653,-3.5287578409325797,35.3
,,0.04422141212954032,0.029341339851512886,0.0024435324318611415,0.07600628441291435,1.2850768596368494,0.5818125760404437,0.38603833983137653,-3.5287578409325797,35.4
,,0.04422141212954032,0.029341339851512886,0.0024435324318611415,0.07600628441291435,1.2912497245139887,0.5818125760404437,0.38603833983137653,-3.5287578409325797,35.5
,,0.04422141212954032,0.029341339851512886,0.0024435324318611415,0.07600628441291435,1.297422589391128,0.5818125760404437,0.38603833983137653,-3.5287578409325797,35.6
,,0.047844318159251886,0.0315788884190315,0.002577697231744903,0.0820009038100283,1.3036836335426967,0.58346086367649,0.38510415070778237,-3.4552664696648425,35.7
,,0.047844318159251886,0.0315788884190315,0.002577697231744903,0.0820009038100283,1.304766668891173,0.58346086367649,0.38510415070778237,-3.4552664696648425,35.8
,,0.047844318159251886,0.0315788884190315,0.002577697231744903,0.0820009038100283,1.3058497042396495,0.58346086367649,0.38510415070778237,-3.4552664696648425,35.9
,,0.047844318159251886,0.0315788884190315,0.002577697231744903,0.0820009038100283,1.306932739588126,0.58346086367649,0.38510415070778237,-3.4552664696648425,36.0
,,0.047844318159251886,0.0315788884190315,0.002577697231744903,0.0820009038100283,1.3080157749366024,0.58346086367649,0.38510415070778237,-3.4552664696648425,36.1
,,0.047844318159251886,0.0315788884190315,0.002577697231744903,0.0820009038100283,1.311769026406012,0.58346086367649,0.38510415070778237,-3.4552664696648425,36.2
,,0.047844318159251886,0.0315788884190315,0.002577697231744903,0.0820009038100283,1.3155222778754219,0.58346086367649,0.38510415070778237,-3.4552664696648425,36.3
,,0.047844318159251886,0.0315788884190315,0.002577697231744903,0.0820009038100283,1.3192755293448317,0.58346086367649,0.38510415070778237,-3.4552664696648425,36.4
,,0.05603916773958211,0.0332610159489633,0.002438824883143737,0.09173900857168915,1.324731920862467,0.6108542986464748,0.362561318972306,-3.403369260014493,36.5
,,0.05603916773958211,0.0332610159489633,0.002438824883143737,0.09173900857168915,1.3301883123801028,0.6108542986464748,0.362561318972306,-3.403369260014493,36.6
,,0.05603916773958211,0.0332610159489633,0.002438824883143737,0.09173900857168915,1.3356447038977384,0.6108542986464748,0.362561318972306,-3.403369260014493,36.7
,,0.05603916773958211,0.0332610159489633,0.002438824883143737,0.09173900857168915,1.3415040714658237,0.6108542986464748,0.362561318972306,-3.403369260014493,36.8
,,0.05603916773958211,0.0332610159489633,0.002438824883143737,0.09173900857168915,1.346960462983459,0.6108542986464748,0.362561318972306,-3.403369260014493,36.9
,,0.05603916773958211,0.0332610159489633,0.002438824883143737,0.09173900857168915,1.3528852821624702,0.6108542986464748,0.362561318972306,-3.403369260014493,37.0
,,0.05603916773958211,0.0332610159489633,0.002438824883143737,0.09173900857168915,1.3588101013414813,0.6108542986464748,0.362561318972306,-3.403369260014493,37.1
,,0.05603916773958211,0.0332610159489633,0.002438824883143737,0.09173900857168915,1.3647349205204924,0.6108542986464748,0.362561318972306,-3.403369260014493,37.2
,,0.04412768080643707,0.030588270811707792,0.002349265297508784,0.07706521691565366,1.3677749983959964,0.5726017855076427,0.39691409478787354,-3.487138650311569,37.3
,,0.04412768080643707,0.030588270811707792,0.002349265297508784,0.07706521691565366,1.3708150762715003,0.5726017855076427,0.39691409478787354,-3.487138650311569,37.4
,,0.04412768080643707,0.030588270811707792,0.002349265297508784,0.07706521691565366,1.3738551541470043,0.5726017855076427,0.39691409478787354,-3.487138650311569,37.5
,,0.04412768080643707,0.030588270811707792,0.002349265297508784,0.07706521691565366,1.3768952320225085,0.5726017855076427,0.39691409478787354,-3.487138650311569,37.6
,,0.04412768080643707,0.030588270811707792,0.002349265297508784,0.07706521691565366,1.380205748478812,0.5726017855076427,0.39691409478787354,-3.487138650311569,37.7
,,0.04412768080643707,0.030588270811707792,0.002349265297508784,0.07706521691565366,1.3835162649351154,0.5726017855076427,0.39691409478787354,-3.487138650311569,37.8
,,0.04412768080643707,0.030588270811707792,0.002349265297508784,0.07706521691565366,1.386826781391419,0.5726017855076427,0.39691409478787354,-3.487138650311569,37.9
,,0.04412768080643707,0.030588270811707792,0.002349265297508784,0.07706521691565366,1.3901372978477224,0.5726017855076427,0.39691409478787354,-3.487138650311569,38.0
,,0.04111391510112464,0.03015480558539431,0.0022450511191854945,0.07351377180570444,1.3923325133348075,0.5592682036474467,0.4101926053405736,-3.501410979276415,38.1
,,0.04111391510112464,0.03015480558539431,0.0022450511191854945,0.07351377180570444,1.3945277288218927,0.5592682036474467,0.4101926053405736,-3.501410979276415,38.2
,,0.04111391510112464,0.03015480558539431,0.0022450511191854945,0.07351377180570444,1.3967229443089777,0.5592682036474467,0.4101926053405736,-3.501410979276415,38.3
,,0.04111391510112464,0.03015480558539431,0.0022450511191854945,0.07351377180570444,1.398918159796063,0.5592682036474467,0.4101926053405736,-3.501410979276415,38.4
,,0.04111391510112464,0.03015480558539431,0.0022450511191854945,0.07351377180570444,1.4011930047554095,0.5592682036474467,0.4101926053405736,-3.501410979276415,38.5
,,0.04111391510112464,0.03015480558539431,0.0022450511191854945,0.07351377180570444,1.4034678497147561,0.5592682036474467,0.4101926053405736,-3.501410979276415,38.6
,,0.04402982282389145,0.030740348297769955,0.0018236578048304443,0.07659382892649184,1.4065080883809584,0.5748481756428117,0.4013423630678118,-3.4821792104944334,38.7
,,0.04111391510112464,0.03015480558539431,0.0022450511191854945,0.07351377180570444,1.408782933340305,0.5592682036474467,0.4101926053405736,-3.501410979276415,38.8
,,0.03825643007679174,0.030020644462468875,0.0021985013306146254,0.07047557586987524,1.4097867888384963,0.5428324579770399,0.4259723186639641,-3.5058699852368016,38.9
,,0.03825643007679174,0.030020644462468875,0.0021985013306146254,0.07047557586987524,1.4107906443366878,0.5428324579770399,0.4259723186639641,-3.5058699852368016,39.0
,,0.03825643007679174,0.030020644462468875,0.0021985013306146254,0.07047557586987524,1.4117944998348793,0.5428324579770399,0.4259723186639641,-3.5058699852368016,39.1
,,0.03825643007679174,0.030020644462468875,0.0021985013306146254,0.07047557586987524,1.4127983553330705,0.5428324579770399,0.4259723186639641,-3.5058699852368016,39.2
,,0.03825643007679174,0.030020644462468875,0.0021985013306146254,0.07047557586987524,1.4137179695742965,0.5428324579770399,0.4259723186639641,-3.5058699852368016,39.3
,,0.03825643007679174,0.030020644462468875,0.0021985013306146254,0.07047557586987524,1.4146375838155225,0.5428324579770399,0.4259723186639641,-3.5058699852368016,39.4
,,0.03825643007679174,0.030020644462468875,0.0021985013306146254,0.07047557586987524,1.4155571980567485,0.5428324579770399,0.4259723186639641,-3.5058699852368016,39.5
,,0.02851530657917256,0.0317751839413484,0.0022141702001973653,0.06250466072071832,1.4122887086363574,0.4562108849223885,0.5083650335024685,-3.449069673053244,39.6
,,0.03596417187193641,0.030496217402602173,0.0022365293698923512,0.06869691864443093,1.4116539587931978,0.5235194326267197,0.4439240944771897,-3.49015262264665,39.7
,,0.03596417187193641,0.030496217402602173,0.0022365293698923512,0.06869691864443093,1.411019208950038,0.5235194326267197,0.4439240944771897,-3.49015262264665,39.8
,,0.03596417187193641,0.030496217402602173,0.0022365293698923512,0.06869691864443093,1.4103844591068784,0.5235194326267197,0.4439240944771897,-3.49015262264665,39.9
,,0.03596417187193641,0.030496217402602173,0.0022365293698923512,0.06869691864443093,1.4097497092637188,0.5235194326267197,0.4439240944771897,-3.49015262264665,40.0
,,0.03596417187193641,0.030496217402602173,0.0022365293698923512,0.06869691864443093,1.4090716556377716,0.5235194326267197,0.4439240944771897,-3.49015262264665,40.1
,,0.03596417187193641,0.030496217402602173,0.0022365293698923512,0.06869691864443093,1.4083936020118246,0.5235194326267197,0.4439240944771897,-3.49015262264665,40.2
,,0.03505857771746463,0.03235063714035981,0.002282387384452124,0.06969160224227657,1.4066533985002203,0.5030531167239727,0.464197063914469,-3.431121563009398,40.3
,,0.03430518816142149,0.03162509106376763,0.002033224027802905,0.06796350325299202,1.4049247501731998,0.504758973852797,0.46532461615529463,-3.453804452451875,40.4
,,0.03430518816142149,0.03162509106376763,0.002033224027802905,0.06796350325299202,1.4031961018461792,0.504758973852797,0.46532461615529463,-3.453804452451875,40.5
,,0.03430518816142149,0.03162509106376763,0.002033224027802905,0.06796350325299202,1.397735723092689,0.504758973852797,0.46532461615529463,-3.453804452451875,40.6
,,0.03430518816142149,0.03162509106376763,0.002033224027802905,0.06796350325299202,1.3921250106718046,0.504758973852797,0.46532461615529463,-3.453804452451875,40.7
,,0.03430518816142149,0.03162509106376763,0.002033224027802905,0.06796350325299202,1.3897460905426646,0.504758973852797,0.46532461615529463,-3.453804452451875,40.8
,,0.03430518816142149,0.03162509106376763,0.002033224027802905,0.06796350325299202,1.3873671704135242,0.504758973852797,0.46532461615529463,-3.453804452451875,40.9
,,0.03430518816142149,0.03162509106376763,0.002033224027802905,0.06796350325299202,1.3849882502843838,0.504758973852797,0.46532461615529463,-3.453804452451875,41.0
,,0.03173680558392627,0.028880272288855754,0.0017712607496540326,0.06238833862243605,1.3827667033868782,0.5086977195528829,0.46291138579012986,-3.5445965367174788,41.1
,,0.03146502661890199,0.028675564201161862,0.0015832303716156538,0.06172382119167951,1.3805270135536196,0.5097712035874982,0.46457856379487056,-3.551709940444073,41.2
,,0.03146502661890199,0.028675564201161862,0.0015832303716156538,0.06172382119167951,1.3782873237203608,0.5097712035874982,0.46457856379487056,-3.551709940444073,41.3
,,0.03146502661890199,0.028675564201161862,0.0015832303716156538,0.06172382119167951,1.3753983316387792,0.5097712035874982,0.46457856379487056,-3.551709940444073,41.4
,,0.03146502661890199,0.028675564201161862,0.0015832303716156538,0.06172382119167951,1.3725093395571977,0.5097712035874982,0.46457856379487056,-3.551709940444073,41.5
,,0.03146502661890199,0.028675564201161862,0.0015832303716156538,0.06172382119167951,1.3695712316727013,0.5097712035874982,0.46457856379487056,-3.551709940444073,41.6
,,0.03146502661890199,0.028675564201161862,0.0015832303716156538,0.06172382119167951,1.366633123788205,0.5097712035874982,0.46457856379487056,-3.551709940444073,41.7
,,0.03239768728774456,0.03516884093036721,0.0027176375021360864,0.07028416572024786,1.3617386565518028,0.46095286122762147,0.5003807126394554,-3.347594789241554,41.8
,,0.03239768728774456,0.03516884093036721,0.0027176375021360864,0.07028416572024786,1.3568441893154009,0.46095286122762147,0.5003807126394554,-3.347594789241554,41.9
,,0.02514283264801027,0.035292638516072776,0.002506179724810222,0.06294165088889327,1.3496297867493487,0.39946255449183005,0.5607199369201887,-3.3440808774116726,42.0
,,0.02514283264801027,0.035292638516072776,0.002506179724810222,0.06294165088889327,1.3424153841832966,0.39946255449183005,0.5607199369201887,-3.3440808774116726,42.1
,,0.02514283264801027,0.035292638516072776,0.002506179724810222,0.06294165088889327,1.3372513943315631,0.39946255449183005,0.5607199369201887,-3.3440808774116726,42.2
,,0.02514283264801027,0.035292638516072776,0.002506179724810222,0.06294165088889327,1.3320874044798297,0.39946255449183005,0.5607199369201887,-3.3440808774116726,42.3
,,0.02514283264801027,0.035292638516072776,0.002506179724810222,0.06294165088889327,1.3241802903067772,0.39946255449183005,0.5607199369201887,-3.3440808774116726,42.4
,,0.02514283264801027,0.035292638516072776,0.002506179724810222,0.06294165088889327,1.316273176133725,0.39946255449183005,0.5607199369201887,-3.3440808774116726,42.5
,,0.03052029463594181,0.035325159872957056,0.002900350444803916,0.06874580495370278,1.3100501916177103,0.4439586481894548,0.5138518618953836,-3.343159824648056,42.6
,,0.03052029463594181,0.035325159872957056,0.002900350444803916,0.06874580495370278,1.3038272071016956,0.4439586481894548,0.5138518618953836,-3.343159824648056,42.7
,,0.03052029463594181,0.035325159872957056,0.002900350444803916,0.06874580495370278,1.2976042225856812,0.4439586481894548,0.5138518618953836,-3.343159824648056,42.8
,,0.029527069830556134,0.03364241105906316,0.0025381394337177835,0.06570762032333707,1.291533373921023,0.44937055527590214,0.5120016657659194,-3.3919677740597884,42.9
,,0.029527069830556134,0.03364241105906316,0.0025381394337177835,0.06570762032333707,1.2854625252563647,0.44937055527590214,0.5120016657659194,-3.3919677740597884,43.0
,,0.029527069830556134,0.03364241105906316,0.0025381394337177835,0.06570762032333707,1.2788246009845567,0.44937055527590214,0.5120016657659194,-3.3919677740597884,43.1
,,0.029527069830556134,0.03364241105906316,0.0025381394337177835,0.06570762032333707,1.2721866767127485,0.44937055527590214,0.5120016657659194,-3.3919677740597884,43.2
,,0.029527069830556134,0.03364241105906316,0.0025381394337177835,0.06570762032333707,1.2655487524409408,0.44937055527590214,0.5120016657659194,-3.3919677740597884,43.3
,,0.02774536052340067,0.03337772020310565,0.0029230823527508255,0.06404616307925715,1.2583950493093665,0.4332087854984502,0.521150972959937,-3.399866661370108,43.4
,,0.02774536052340067,0.03337772020310565,0.0029230823527508255,0.06404616307925715,1.251241346177792,0.4332087854984502,0.521150972959937,-3.399866661370108,43.5
,,0.02774536052340067,0.03337772020310565,0.0029230823527508255,0.06404616307925715,1.2440876430462178,0.4332087854984502,0.521150972959937,-3.399866661370108,43.6
,,0.027536025067512928,0.032272758360874565,0.002586990013762388,0.06239577344214989,1.2371780978137232,0.4413123445459474,0.5172266738675206,-3.433531799010851,43.7
,,0.027536025067512928,0.032272758360874565,0.002586990013762388,0.06239577344214989,1.2302685525812291,0.4413123445459474,0.5172266738675206,-3.433531799010851,43.8
,,0.027536025067512928,0.032272758360874565,0.002586990013762388,0.06239577344214989,1.2230029009730776,0.4413123445459474,0.5172266738675206,-3.433531799010851,43.9
,,0.027536025067512928,0.032272758360874565,0.002586990013762388,0.06239577344214989,1.2157372493649266,0.4413123445459474,0.5172266738675206,-3.433531799010851,44.0
,,0.027536025067512928,0.032272758360874565,0.002586990013762388,0.06239577344214989,1.2084715977567755,0.4413123445459474,0.5172266738675206,-3.433531799010851,44.1
,,0.026650814588053327,0.0323587629435483,0.0030125856304587216,0.062022163162060356,1.2008767919614987,0.42969824381030175,0.5217290286860313,-3.4308704154722345,44.2
,,0.026650814588053327,0.0323587629435483,0.0030125856304587216,0.062022163162060356,1.193281986166222,0.42969824381030175,0.5217290286860313,-3.4308704154722345,44.3
,,0.026650814588053327,0.0323587629435483,0.0030125856304587216,0.062022163162060356,1.1856871803709452,0.42969824381030175,0.5217290286860313,-3.4308704154722345,44.4
,,0.027035881576041042,0.03166100955947875,0.002677212800785526,0.06137410393630532,1.17842918549576,0.4405095934940111,0.5158691944787801,-3.452669337498857,44.5
,,0.027035881576041042,0.03166100955947875,0.002677212800785526,0.06137410393630532,1.1711711906205748,0.4405095934940111,0.5158691944787801,-3.452669337498857,44.6
,,0.027035881576041042,0.03166100955947875,0.002677212800785526,0.06137410393630532,1.1638250164709603,0.4405095934940111,0.5158691944787801,-3.452669337498857,44.7
,,0.027035881576041042,0.03166100955947875,0.002677212800785526,0.06137410393630532,1.1564788423213461,0.4405095934940111,0.5158691944787801,-3.452669337498857,44.8
,,0.026855453357421358,0.03211387404042508,0.0031447640871551863,0.062114091485001625,1.1489364438783674,0.4323568567996524,0.5170143082295497,-3.4384671291259883,44.9
,,0.026855453357421358,0.03211387404042508,0.0031447640871551863,0.062114091485001625,1.1413940454353886,0.4323568567996524,0.5170143082295497,-3.4384671291259883,45.0
,,0.026855453357421358,0.03211387404042508,0.0031447640871551863,0.062114091485001625,1.1338516469924103,0.4323568567996524,0.5170143082295497,-3.4384671291259883,45.1
,,0.026855453357421358,0.03211387404042508,0.0031447640871551863,0.062114091485001625,1.1263092485494315,0.4323568567996524,0.5170143082295497,-3.4384671291259883,45.2
,,0.027409094771146496,0.03142765029391446,0.002762428341486851,0.0615991734065478,1.119165473203048,0.4449588079737608,0.510195974327373,-3.4600671909445957,45.3
,,0.027409094771146496,0.03142765029391446,0.002762428341486851,0.0615991734065478,1.1120216978566646,0.4449588079737608,0.510195974327373,-3.4600671909445957,45.4
,,0.027409094771146496,0.03142765029391446,0.002762428341486851,0.0615991734065478,1.102991729126498,0.4449588079737608,0.510195974327373,-3.4600671909445957,45.5
,,0.027409094771146496,0.03142765029391446,0.002762428341486851,0.0615991734065478,1.0939617603963314,0.4449588079737608,0.510195974327373,-3.4600671909445957,45.6
,,0.027679906952218024,0.032080040430298065,0.003251296966291998,0.06301124434880809,1.0848285225855214,0.4392851980353188,0.5091161230321726,-3.439521235688543,45.7
,,0.027679906952218024,0.032080040430298065,0.003251296966291998,0.06301124434880809,1.0756952847747114,0.4392851980353188,0.5091161230321726,-3.439521235688543,45.8
,,0.027679906952218024,0.032080040430298065,0.003251296966291998,0.06301124434880809,1.0665620469639019,0.4392851980353188,0.5091161230321726,-3.439521235688543,45.9
,,0.027679906952218024,0.032080040430298065,0.003251296966291998,0.06301124434880809,1.0574288091530921,0.4392851980353188,0.5091161230321726,-3.439521235688543,46.0
,,0.027679906952218024,0.032080040430298065,0.003251296966291998,0.06301124434880809,1.0482955713422821,0.4392851980353188,0.5091161230321726,-3.439521235688543,46.1
,,0.028638372576233674,0.031694542460849386,0.0028510708059120014,0.06318398584299506,1.039614948527813,0.45325365587724614,0.5016230305509165,-3.4516107750388167,46.2
,,0.028638372576233674,0.031694542460849386,0.0028510708059120014,0.06318398584299506,1.0336253953162542,0.45325365587724614,0.5016230305509165,-3.4516107750388167,46.3
,,0.02931632164636547,0.0326286128172657,0.0033671831534559564,0.06531211761708712,1.0275792956697674,0.44886496895172884,0.4995797718359284,-3.4225656817762777,46.4
,,0.02931632164636547,0.0326286128172657,0.0033671831534559564,0.06531211761708712,1.0215331960232807,0.44886496895172884,0.4995797718359284,-3.4225656817762777,46.5
,,0.02931632164636547,0.0326286128172657,0.0033671831534559564,0.06531211761708712,1.015487096376794,0.44886496895172884,0.4995797718359284,-3.4225656817762777,46.6
,,0.02931632164636547,0.0326286128172657,0.0033671831534559564,0.06531211761708712,1.0094409967303073,0.44886496895172884,0.4995797718359284,-3.4225656817762777,46.7
,,0.02931632164636547,0.0326286128172657,0.0033671831534559564,0.06531211761708712,1.0033948970838207,0.44886496895172884,0.4995797718359284,-3.4225656817762777,46.8
,,0.030769883070143167,0.03257944974190482,0.0029576399419896735,0.06630697275403767,0.9978595944530784,0.4640519962249291,0.4913427410229784,-3.4240735653951626,46.9
,,0.030769883070143167,0.03257944974190482,0.0029576399419896735,0.06630697275403767,0.9923242918223364,0.4640519962249291,0.4913427410229784,-3.4240735653951626,47.0
,,0.030769883070143167,0.03257944974190482,0.0029576399419896735,0.06630697275403767,0.9876690530880884,0.4640519962249291,0.4913427410229784,-3.4240735653951626,47.1
,,0.03184072484007515,0.033931518300302915,0.003511056445779087,0.06928329958615716,0.9829463161189588,0.45957287008941683,0.48975032227077203,-3.383410953167623,47.2
,,0.03184072484007515,0.033931518300302915,0.003511056445779087,0.06928329958615716,0.9782235791498293,0.45957287008941683,0.48975032227077203,-3.383410953167623,47.3
,,0.03184072484007515,0.033931518300302915,0.003511056445779087,0.06928329958615716,0.9735008421806997,0.45957287008941683,0.48975032227077203,-3.383410953167623,47.4
,,0.03184072484007515,0.033931518300302915,0.003511056445779087,0.06928329958615716,0.9687781052115703,0.45957287008941683,0.48975032227077203,-3.383410953167623,47.5
,,0.03184072484007515,0.033931518300302915,0.003511056445779087,0.06928329958615716,0.9640553682424406,0.45957287008941683,0.48975032227077203,-3.383410953167623,47.6
,,0.033821769760223996,0.03420236116309816,0.003086654539786086,0.07111078546310824,0.9591282419998896,0.47562081532302136,0.48097290643543933,-3.3754605974400476,47.7
,,0.033821769760223996,0.03420236116309816,0.003086654539786086,0.07111078546310824,0.9549665094641941,0.47562081532302136,0.48097290643543933,-3.3754605974400476,47.8
,,0.03526253861872078,0.03608249571130846,0.00368770326514222,0.07503273759517146,0.9516658215329653,0.46996204255500884,0.4808900337075061,-3.3219474145805004,47.9
,,0.03526253861872078,0.03608249571130846,0.00368770326514222,0.07503273759517146,0.9483651336017362,0.46996204255500884,0.4808900337075061,-3.3219474145805004,48.0
,,0.03526253861872078,0.03608249571130846,0.00368770326514222,0.07503273759517146,0.9450644456705075,0.46996204255500884,0.4808900337075061,-3.3219474145805004,48.1
,,0.03526253861872078,0.03608249571130846,0.00368770326514222,0.07503273759517146,0.9417637577392787,0.46996204255500884,0.4808900337075061,-3.3219474145805004,48.2
,,0.03526253861872078,0.03608249571130846,0.00368770326514222,0.07503273759517146,0.9384630698080496,0.46996204255500884,0.4808900337075061,-3.3219474145805004,48.3
,,0.03526253861872078,0.03608249571130846,0.00368770326514222,0.07503273759517146,0.9351623818768207,0.46996204255500884,0.4808900337075061,-3.3219474145805004,48.4
,,0.03775789769465317,0.03668684763567548,0.003238573686105995,0.07768331901643465,0.9324385706062537,0.48604897644325834,0.4722615884616622,-3.3053369632030116,48.5
,,0.03831801777193717,0.038012107576733255,0.003775151057914704,0.08010527640658513,0.9336678998448468,0.47834574064071517,0.47452688863836734,-3.2698505495641155,48.6
,,0.03831801777193717,0.038012107576733255,0.003775151057914704,0.08010527640658513,0.9317651028645625,0.47834574064071517,0.47452688863836734,-3.2698505495641155,48.7
,,0.03831801777193717,0.038012107576733255,0.003775151057914704,0.08010527640658513,0.929862305884278,0.47834574064071517,0.47452688863836734,-3.2698505495641155,48.8
,,0.03831801777193717,0.038012107576733255,0.003775151057914704,0.08010527640658513,0.9279595089039938,0.47834574064071517,0.47452688863836734,-3.2698505495641155,48.9
,,0.03831801777193717,0.038012107576733255,0.003775151057914704,0.08010527640658513,0.9260567119237093,0.47834574064071517,0.47452688863836734,-3.2698505495641155,49.0
,,0.03831801777193717,0.038012107576733255,0.003775151057914704,0.08010527640658513,0.9241539149434252,0.47834574064071517,0.47452688863836734,-3.2698505495641155,49.1
,,0.03799010137656346,0.036829298903756316,0.003523570415835982,0.07834297069615576,0.9225119040454713,0.4849203577421607,0.4701034256997292,-3.301461584716225,49.2
,,0.03868296309495,0.03606553594608601,0.003807721749824398,0.0785562207908604,0.9223882179328663,0.49242393161880005,0.45910477340939043,-3.3224175525772064,49.3
,,0.03811086058448644,0.03718454937643578,0.003537245956790353,0.07883265591771257,0.9217233876690968,0.4834400178558931,0.47168966900277864,-3.2918619433234357,49.4
,,0.03811086058448644,0.03718454937643578,0.003537245956790353,0.07883265591771257,0.9210585574053274,0.4834400178558931,0.47168966900277864,-3.2918619433234357,49.5
,,0.03811086058448644,0.03718454937643578,0.003537245956790353,0.07883265591771257,0.9203937271415579,0.4834400178558931,0.47168966900277864,-3.2918619433234357,49.6
,,0.03811086058448644,0.03718454937643578,0.003537245956790353,0.07883265591771257,0.9197288968777885,0.4834400178558931,0.47168966900277864,-3.2918619433234357,49.7
,,0.03811086058448644,0.03718454937643578,0.003537245956790353,0.07883265591771257,0.9190640666140187,0.4834400178558931,0.47168966900277864,-3.2918619433234357,49.8
,,0.03811086058448644,0.03718454937643578,0.003537245956790353,0.07883265591771257,0.9183992363502494,0.4834400178558931,0.47168966900277864,-3.2918619433234357,49.9
,,0.02827548253360721,0.0351453546955953,0.0035294936345878682,0.06695033086379037,0.9152857231871592,0.4223352172991248,0.5249466917063949,-3.348262826056489,50.0
,,0.03743338251025191,0.036314047140056455,0.0032669612580215703,0.07701439090832994,0.9145292149320767,0.48605698323068974,0.47152287659173964,-3.3155506390110134,50.1
,,0.03743338251025191,0.036314047140056455,0.0032669612580215703,0.07701439090832994,0.9137908496127471,0.48605698323068974,0.47152287659173964,-3.3155506390110134,50.2
,,0.03743338251025191,0.036314047140056455,0.0032669612580215703,0.07701439090832994,0.9130524842934176,0.48605698323068974,0.47152287659173964,-3.3155506390110134,50.3
,,0.03743338251025191,0.036314047140056455,0.0032669612580215703,0.07701439090832994,0.9123141189740881,0.48605698323068974,0.47152287659173964,-3.3155506390110134,50.4
,,0.03743338251025191,0.036314047140056455,0.0032669612580215703,0.07701439090832994,0.9115757536547584,0.48605698323068974,0.47152287659173964,-3.3155506390110134,50.5
,,0.03743338251025191,0.036314047140056455,0.0032669612580215703,0.07701439090832994,0.9108373883354289,0.48605698323068974,0.47152287659173964,-3.3155506390110134,50.6
,,0.03638056768806916,0.036850681338829884,0.0031882413203429116,0.07641949034724195,0.9096147895139919,0.4760639926118294,0.4822157432794219,-3.300881170997235,50.7
,,0.036454187213568794,0.03562848399928522,0.0029932392958617253,0.07507591050871573,0.9107478014406295,0.48556437033603134,0.4745661259099752,-3.3346098487039217,50.8
,,0.036454187213568794,0.03562848399928522,0.0029932392958617253,0.07507591050871573,0.9118808133672672,0.48556437033603134,0.4745661259099752,-3.3346098487039217,50.9
,,0.036454187213568794,0.03562848399928522,0.0029932392958617253,0.07507591050871573,0.9153337606235551,0.48556437033603134,0.4745661259099752,-3.3346098487039217,51.0
,,0.036454187213568794,0.03562848399928522,0.0029932392958617253,0.07507591050871573,0.9187867078798427,0.48556437033603134,0.4745661259099752,-3.3346098487039217,51.1
,,0.036454187213568794,0.03562848399928522,0.0029932392958617253,0.07507591050871573,0.9222396551361306,0.48556437033603134,0.4745661259099752,-3.3346098487039217,51.2
,,0.036454187213568794,0.03562848399928522,0.0029932392958617253,0.07507591050871573,0.9256926023924181,0.48556437033603134,0.4745661259099752,-3.3346098487039217,51.3
,,0.03524160177792087,0.03619325079511746,0.002920892763576855,0.07435574533661518,0.9285958950184281,0.4739593641134112,0.486757958396723,-3.318882619656732,51.4
,,0.03514612063416936,0.034991100959420963,0.0023505766719002434,0.07248779826549055,0.9318405633011452,0.48485567881983055,0.48271711648992466,-3.3526615081241036,51.5
,,0.03514612063416936,0.034991100959420963,0.0023505766719002434,0.07248779826549055,0.9334011019268245,0.48485567881983055,0.48271711648992466,-3.3526615081241036,51.6
,,0.03514612063416936,0.034991100959420963,0.0023505766719002434,0.07248779826549055,0.9349616405525037,0.48485567881983055,0.48271711648992466,-3.3526615081241036,51.7
,,0.03514612063416936,0.034991100959420963,0.0023505766719002434,0.07248779826549055,0.936522179178183,0.48485567881983055,0.48271711648992466,-3.3526615081241036,51.8
,,0.03514612063416936,0.034991100959420963,0.0023505766719002434,0.07248779826549055,0.937930581952506,0.48485567881983055,0.48271711648992466,-3.3526615081241036,51.9
,,0.03514612063416936,0.034991100959420963,0.0023505766719002434,0.07248779826549055,0.939338984726829,0.48485567881983055,0.48271711648992466,-3.3526615081241036,52.0
,,0.0306988517124041,0.023596232768769307,0.0021749020965094166,0.056469986577682825,0.9440426788235481,0.5436312911137899,0.4178544072488701,-3.746668208134527,52.1
,,0.0306988517124041,0.023596232768769307,0.0021749020965094166,0.056469986577682825,0.9487463729202676,0.5436312911137899,0.4178544072488701,-3.746668208134527,52.2
,,0.03368996621626764,0.03457315793966907,0.002143062801738771,0.07040618695767549,0.9498217106928282,0.4785086037470014,0.49105283830315427,-3.364677680083596,52.3
,,0.03368996621626764,0.03457315793966907,0.002143062801738771,0.07040618695767549,0.951412827325155,0.4785086037470014,0.49105283830315427,-3.364677680083596,52.4
,,0.03236321915225008,0.03461146981887072,0.0024223045307212717,0.06939699350184207,0.9525660415155738,0.46634900907329696,0.4987459552977896,-3.3635701541964433,52.5
,,0.03236321915225008,0.03461146981887072,0.0024223045307212717,0.06939699350184207,0.9537192557059923,0.46634900907329696,0.4987459552977896,-3.3635701541964433,52.6
,,0.03236321915225008,0.03461146981887072,0.0024223045307212717,0.06939699350184207,0.954628311997331,0.46634900907329696,0.4987459552977896,-3.3635701541964433,52.7
,,0.03236321915225008,0.03461146981887072,0.0024223045307212717,0.06939699350184207,0.9555373682886696,0.46634900907329696,0.4987459552977896,-3.3635701541964433,52.8
,,0.03236321915225008,0.03461146981887072,0.0024223045307212717,0.06939699350184207,0.9564464245800085,0.46634900907329696,0.4987459552977896,-3.3635701541964433,52.9
,,0.03236321915225008,0.03461146981887072,0.0024223045307212717,0.06939699350184207,0.957355480871347,0.46634900907329696,0.4987459552977896,-3.3635701541964433,53.0
,,0.03225331744726282,0.0334125670990999,0.0024250949307134534,0.06809097947707617,0.9586007792836966,0.473679739885683,0.4907047505514109,-3.3988231893156025,53.1
,,0.03225331744726282,0.0334125670990999,0.0024250949307134534,0.06809097947707617,0.9601752318831719,0.473679739885683,0.4907047505514109,-3.3988231893156025,53.2
,,0.027636471203435455,0.023747076165208658,0.0019018254217526595,0.05328537279039677,0.9639550087485553,0.5186502365695407,0.4456584409875503,-3.740295864913321,53.3
,,0.027636471203435455,0.023747076165208658,0.0019018254217526595,0.05328537279039677,0.9677347856139389,0.5186502365695407,0.4456584409875503,-3.740295864913321,53.4
,,0.027636471203435455,0.023747076165208658,0.0019018254217526595,0.05328537279039677,0.9711777515592306,0.5186502365695407,0.4456584409875503,-3.740295864913321,53.5
,,0.027636471203435455,0.023747076165208658,0.0019018254217526595,0.05328537279039677,0.9746207175045226,0.5186502365695407,0.4456584409875503,-3.740295864913321,53.6
,,0.027636471203435455,0.023747076165208658,0.0019018254217526595,0.05328537279039677,0.9780636834498145,0.5186502365695407,0.4456584409875503,-3.740295864913321,53.7
,,0.027636471203435455,0.023747076165208658,0.0019018254217526595,0.05328537279039677,0.9815066493951065,0.5186502365695407,0.4456584409875503,-3.740295864913321,53.8
,,0.028485778015601412,0.03189257782001016,0.002119670528001726,0.0624980263636133,0.9821391146216998,0.4557868411695316,0.5102973593831469,-3.44538196648237,53.9
,,0.027529830125620464,0.03412985454292583,0.0020407254034842436,0.06370041007203053,0.9818098163708032,0.43217665466345584,0.5357870460226677,-3.3775827779265195,54.0
,,0.027529830125620464,0.03412985454292583,0.0020407254034842436,0.06370041007203053,0.9814805181199069,0.43217665466345584,0.5357870460226677,-3.3775827779265195,54.1
,,0.027529830125620464,0.03412985454292583,0.0020407254034842436,0.06370041007203053,0.9811512198690104,0.43217665466345584,0.5357870460226677,-3.3775827779265195,54.2
,,0.027529830125620464,0.03412985454292583,0.0020407254034842436,0.06370041007203053,0.9804232985215188,0.43217665466345584,0.5357870460226677,-3.3775827779265195,54.3
,,0.027529830125620464,0.03412985454292583,0.0020407254034842436,0.06370041007203053,0.9796953771740271,0.43217665466345584,0.5357870460226677,-3.3775827779265195,54.4
,,0.027529830125620464,0.03412985454292583,0.0020407254034842436,0.06370041007203053,0.9789674558265354,0.43217665466345584,0.5357870460226677,-3.3775827779265195,54.5
,,0.027529830125620464,0.03412985454292583,0.0020407254034842436,0.06370041007203053,0.9782395344790437,0.43217665466345584,0.5357870460226677,-3.3775827779265195,54.6
,,0.01771854201688834,0.025294555622752953,0.0018328666018729233,0.04484596424151421,0.9764356396381492,0.39509780459768024,0.5640319268536902,-3.6771660991825135,54.7
,,0.02463240661593944,0.033761607289708354,0.0019601980635057525,0.06035421196915355,0.9749551869369912,0.40813069729961554,0.5593910712803869,-3.388431001095358,54.8
,,0.02463240661593944,0.033761607289708354,0.0019601980635057525,0.06035421196915355,0.9734747342358332,0.40813069729961554,0.5593910712803869,-3.388431001095358,54.9
,,0.02463240661593944,0.033761607289708354,0.0019601980635057525,0.06035421196915355,0.9719942815346752,0.40813069729961554,0.5593910712803869,-3.388431001095358,55.0
,,0.02463240661593944,0.033761607289708354,0.0019601980635057525,0.06035421196915355,0.9705138288335173,0.40813069729961554,0.5593910712803869,-3.388431001095358,55.1
,,0.02463240661593944,0.033761607289708354,0.0019601980635057525,0.06035421196915355,0.9685807611360187,0.40813069729961554,0.5593910712803869,-3.388431001095358,55.2
,,0.02463240661593944,0.033761607289708354,0.0019601980635057525,0.06035421196915355,0.96664769343852,0.40813069729961554,0.5593910712803869,-3.388431001095358,55.3
,,0.02463240661593944,0.033761607289708354,0.0019601980635057525,0.06035421196915355,0.9647711721759492,0.40813069729961554,0.5593910712803869,-3.388431001095358,55.4
,,0.01620340212593064,0.02686257673039445,0.0018582633191430802,0.044924242175468164,0.9614901838114619,0.3606828149185531,0.5979528074279532,-3.617021160604579,55.5
,,0.0221694358932421,0.034202471896817355,0.0020767766181367816,0.058448684408196235,0.9587090415359156,0.3792974318876763,0.5851709451311646,-3.3754573598407656,55.6
,,0.0221694358932421,0.034202471896817355,0.0020767766181367816,0.058448684408196235,0.9559278992603697,0.3792974318876763,0.5851709451311646,-3.3754573598407656,55.7
,,0.0221694358932421,0.034202471896817355,0.0020767766181367816,0.058448684408196235,0.9531467569848237,0.3792974318876763,0.5851709451311646,-3.3754573598407656,55.8
,,0.0221694358932421,0.034202471896817355,0.0020767766181367816,0.058448684408196235,0.9498548176935332,0.3792974318876763,0.5851709451311646,-3.3754573598407656,55.9
,,0.0221694358932421,0.034202471896817355,0.0020767766181367816,0.058448684408196235,0.9465628784022425,0.3792974318876763,0.5851709451311646,-3.3754573598407656,56.0
,,0.0221694358932421,0.034202471896817355,0.0020767766181367816,0.058448684408196235,0.9432709391109518,0.3792974318876763,0.5851709451311646,-3.3754573598407656,56.1
,,0.0221694358932421,0.034202471896817355,0.0020767766181367816,0.058448684408196235,0.9400464980545429,0.3792974318876763,0.5851709451311646,-3.3754573598407656,56.2
